id,prediction
1,0.017235696
2,0.19454874
3,-1.0747869
4,0.017235696
5,0.29263458
6,0.017235696
7,-1.8767104
8,0.41566178
9,-2.3015199
10,-0.44076723
11,0.017235696
12,0.055165812
13,0.15427479
14,-0.354838
15,0.7513648
16,-0.4883504
17,-1.210671
18,0.017235696
19,-0.84565127
20,0.81222576
21,-0.31568745
22,0.45310685
23,0.21357518
24,0.25301325
25,0.017235696
26,0.04124917
27,0.72698224
28,0.017235696
29,-0.39217466
30,0.019419802
31,0.017235696
32,0.13406724
33,0.017235696
34,-0.19688934
35,-0.22688279
36,-0.40462387
37,0.05737087
38,0.017235696
39,0.017235696
40,-0.36588138
41,-0.076183856
42,-0.24599418
43,0.024835259
44,0.017235696
45,0.017235696
46,0.03648172
47,-0.007398978
48,1.3523514
49,-1.2520847
50,0.017235696
51,-0.34009
52,0.35286576
53,0.20562918
54,0.11551581
55,0.091854244
56,0.01888242
57,0.2597108
58,0.06719048
59,0.40279874
60,-1.1717644
61,0.62384665
62,-0.043039788
63,-0.22887039
64,-0.63439935
65,-0.054244846
66,-0.40353233
67,0.17011476
68,-0.002141714
69,0.04900967
70,-0.23609367
71,-0.037912626
72,0.017235696
73,-0.058203988
74,0.8518327
75,0.11324175
76,0.017235696
77,0.10054857
78,-0.36223233
79,0.017235696
80,0.017235696
81,-0.369224
82,0.1337528
83,-0.724776
84,-0.064665586
85,0.020940065
86,-0.5305632
87,0.56129605
88,0.017235696
89,0.08149537
90,0.28520152
91,0.041210324
92,0.017235696
93,0.017235696
94,0.21382907
95,0.35723987
96,-0.75053686
97,0.2961081
98,-0.72145796
99,0.017235696
100,0.71590585
101,-0.20391777
102,-0.043254357
103,-0.3186533
104,-0.1718941
105,0.20705429
106,1.8219972
107,0.51659966
108,0.017235696
109,0.20720619
110,-0.24517027
111,0.36467946
112,-0.3829587
113,-0.109293655
114,0.26215586
115,1.1050203
116,0.017235696
117,0.35292
118,-0.02434938
119,-0.19251831
120,-0.038787644
121,0.017235696
122,-0.089763954
123,0.017235696
124,0.7397054
125,-0.81963974
126,0.017235696
127,-0.17468135
128,0.10162502
129,0.08806161
130,0.89484847
131,-0.012867227
132,0.31792003
133,1.5811799
134,0.40183
135,-0.79139316
136,0.017235696
137,0.017235696
138,-0.438446
139,0.3983783
140,-0.0026635658
141,-0.09094072
142,0.93391955
143,-0.18277141
144,0.020307735
145,0.4327957
146,-0.04969213
147,-0.068280205
148,0.017235696
149,0.10050541
150,0.61709803
151,-0.21173757
152,0.606353
153,-0.044282176
154,-0.11142613
155,0.43252343
156,0.017235696
157,0.20918898
158,0.017235696
159,0.017235696
160,0.08482132
161,0.2767262
162,0.12680039
163,0.017235696
164,0.18919177
165,0.004356552
166,-0.43956852
167,0.0360995
168,0.041167926
169,0.017235696
170,0.32459426
171,0.017235696
172,0.47890556
173,0.21602795
174,0.63968885
175,0.0801993
176,-0.016509145
177,0.4605424
178,0.017235696
179,-0.43681285
180,-0.027845908
181,0.31734526
182,-0.22349828
183,0.10470648
184,-0.016358618
185,-0.0011410061
186,0.017235696
187,0.017235696
188,0.017235696
189,-0.080034524
190,0.017235696
191,0.02145566
192,-0.36193442
193,0.08413857
194,0.017235696
195,-0.07310718
196,-0.5643077
197,0.17739005
198,0.017235696
199,-0.025636002
200,-0.10377664
201,-0.11744669
202,0.078228176
203,-0.0010347534
204,0.017235696
205,0.5004596
206,-0.07467902
207,-0.22309539
208,0.29279622
209,-0.3380212
210,-0.0024366044
211,-0.04750897
212,0.72752106
213,-0.28861752
214,-0.15843882
215,0.012787464
216,-0.06435788
217,0.339252
218,0.056065604
219,0.2589987
220,0.28282169
221,-0.23907816
222,0.017235696
223,0.017235696
224,0.23262753
225,0.5075343
226,0.017235696
227,0.2703108
228,0.07178339
229,0.053072
230,0.38151398
231,0.009192742
232,-1.1733027
233,1.1652012
234,-0.5006618
235,0.48454717
236,0.12579298
237,0.017235696
238,0.20501843
239,-0.119845554
240,0.017235696
241,0.38326204
242,0.6086857
243,0.19107771
244,0.11265979
245,-0.1920772
246,0.017235696
247,-0.28251773
248,0.017235696
249,0.55575734
250,0.0006060228
251,-0.09878596
252,0.017235696
253,0.09690643
254,0.017235696
255,0.017235696
256,0.12634316
257,-0.117842734
258,-0.027603991
259,0.017235696
260,0.017235696
261,0.3259084
262,-0.22124001
263,0.16471726
264,-0.70618844
265,0.48757905
266,-0.029944055
267,0.14460285
268,0.29011014
269,0.48588178
270,0.10882063
271,-0.23792225
272,0.017235696
273,-0.47314468
274,-0.07668769
275,0.017235696
276,0.017235696
277,0.45878288
278,0.10796562
279,-0.08070646
280,0.017235696
281,1.4421873
282,0.3107127
283,0.13920127
284,1.0606213
285,0.23045126
286,-0.44123143
287,-0.19941583
288,-0.005438037
289,0.4299504
290,0.017235696
291,0.017235696
292,0.31067744
293,0.017235696
294,-0.39361662
295,0.017235696
296,0.08296822
297,0.02047418
298,0.12875706
299,0.0254908
300,0.017235696
301,1.226727
302,-0.0026807114
303,0.12443558
304,0.2244143
305,1.337857
306,0.04670573
307,-0.06944162
308,1.8015916
309,0.19138582
310,0.32185018
311,0.017235696
312,-0.060195096
313,-0.3127611
314,0.36024228
315,-0.27181768
316,-0.08616614
317,0.14157411
318,-0.25979078
319,0.017235696
320,0.017235696
321,0.017235696
322,-0.21772097
323,-0.80527633
324,0.2031596
325,0.05871469
326,-0.28978914
327,0.14113337
328,0.08346634
329,-0.28130966
330,0.017235696
331,0.017235696
332,0.299271
333,-0.13217424
334,-1.0758121
335,0.47171175
336,0.5954174
337,-0.0056908913
338,-0.34442443
339,0.5303108
340,0.73871416
341,0.044939213
342,0.11824351
343,1.006419
344,-0.13209033
345,1.076818
346,0.28146672
347,1.0074537
348,0.11691801
349,-0.10785349
350,-0.24234995
351,-0.9346755
352,0.017235696
353,0.017235696
354,0.00303033
355,-0.13201556
356,-0.13238963
357,0.2752958
358,0.017235696
359,0.017235696
360,-0.14157772
361,0.23731989
362,0.017235696
363,-0.36098373
364,0.98382986
365,0.15555477
366,0.50146276
367,0.14656761
368,0.08321339
369,-0.040460736
370,-0.025925841
371,0.017235696
372,0.056722056
373,0.017235696
374,0.017235696
375,-0.027844343
376,0.044035625
377,0.053587265
378,0.27116528
379,0.017235696
380,0.017235696
381,-0.1888308
382,0.017235696
383,-0.13316648
384,0.017235696
385,-0.023520969
386,-0.15890834
387,0.70464337
388,0.017235696
389,-0.10110207
390,0.017235696
391,-0.07836124
392,0.028008064
393,-0.18737349
394,-0.087468505
395,0.017235696
396,0.6567108
397,0.20085928
398,0.017235696
399,0.39282647
400,0.017235696
401,-1.0798893
402,0.017235696
403,-0.2697808
404,0.017235696
405,0.039416052
406,0.017235696
407,0.017235696
408,0.27371842
409,0.02649272
410,0.12360708
411,0.15377542
412,0.041070268
413,0.006693512
414,-0.0475375
415,0.1633942
416,0.6899495
417,0.25123304
418,-0.39679536
419,0.103740506
420,-0.42391253
421,0.40506622
422,0.6079088
423,0.017235696
424,0.017235696
425,0.190887
426,0.12921222
427,0.08107683
428,0.017235696
429,0.017235696
430,-0.61296743
431,0.017235696
432,-0.14114872
433,0.017235696
434,0.017235696
435,0.028074972
436,0.017235696
437,0.017235696
438,-0.040720023
439,-0.4675335
440,0.017235696
441,0.017235696
442,-0.5552038
443,0.017235696
444,-0.19442305
445,0.24965087
446,-0.030142475
447,-0.13714767
448,-0.23378402
449,0.29694965
450,0.017235696
451,0.11297388
452,0.036914285
453,0.43593794
454,0.037923686
455,0.017235696
456,0.017235696
457,0.16927616
458,-0.54627085
459,0.38712466
460,0.017235696
461,0.001803034
462,0.017235696
463,0.017235696
464,-0.8636843
465,0.68249846
466,0.017235696
467,0.0148103535
468,-0.41996616
469,0.12956408
470,0.017235696
471,-0.23920885
472,-0.1677725
473,-0.06908349
474,1.639312
475,0.017235696
476,0.96396536
477,-0.14633153
478,0.017235696
479,0.454513
480,0.539082
481,0.10388529
482,0.034016877
483,0.09466144
484,0.37392253
485,0.017235696
486,0.22153963
487,0.10054314
488,-0.055660315
489,-0.05775912
490,-0.6310578
491,-1.0766246
492,0.017235696
493,0.12699303
494,0.017235696
495,-0.032807384
496,-0.43169612
497,0.10593927
498,-0.46485403
499,2.5119627
500,0.017235696
501,-0.10197074
502,0.37628868
503,0.12835398
504,0.794516
505,0.6929579
506,0.015853971
507,0.12192573
508,0.017235696
509,0.26172847
510,-0.88639265
511,0.20493013
512,0.14711434
513,0.017235696
514,0.059052408
515,0.017235696
516,-0.034288656
517,0.017235696
518,0.9283487
519,0.20223695
520,0.7725924
521,0.2252002
522,-0.28435224
523,0.26110572
524,0.036885906
525,0.32882833
526,0.21897374
527,0.50002503
528,1.1020224
529,-0.39344874
530,0.017235696
531,-0.015086606
532,0.017235696
533,-0.3379621
534,0.017235696
535,-0.15976581
536,-0.054675944
537,-0.6267275
538,0.13128456
539,0.017235696
540,0.017235696
541,-0.5641438
542,0.37147248
543,-0.19784868
544,-0.030969907
545,0.017235696
546,0.040442735
547,-0.14770615
548,-2.6966991
549,-0.29709563
550,-0.10810278
551,0.10740321
552,-0.17366292
553,-0.46641064
554,0.017235696
555,0.121466786
556,-0.37606928
557,0.5088365
558,0.017235696
559,-0.03247997
560,0.302406
561,0.017235696
562,-0.0041823685
563,-0.36728907
564,0.43089527
565,0.16307238
566,0.017235696
567,0.017235696
568,0.05322902
569,0.017235696
570,0.017235696
571,-0.3626972
572,0.59085506
573,0.04838974
574,1.607909
575,-1.1836007
576,0.017235696
577,-0.6456061
578,0.017235696
579,0.44271958
580,0.16640747
581,-0.004757613
582,0.41503608
583,0.017235696
584,0.08509022
585,0.017235696
586,0.017235696
587,0.43564606
588,-0.08495881
589,0.017235696
590,0.096968144
591,0.017235696
592,-0.76421267
593,0.50243855
594,-0.18856584
595,0.017235696
596,0.11280384
597,0.48940983
598,0.27487785
599,-0.024795428
600,0.68427354
601,0.017235696
602,0.73142904
603,0.113297835
604,0.017235696
605,0.017235696
606,-0.35945773
607,-0.58464926
608,0.017235696
609,0.017235696
610,0.5200053
611,-0.07347348
612,0.017235696
613,0.017235696
614,0.05391608
615,0.38257775
616,0.47820187
617,0.22698294
618,-0.17973676
619,0.25290838
620,0.10962777
621,0.11237094
622,-0.38791114
623,0.45126545
624,-0.1127978
625,0.017235696
626,0.017235696
627,-0.6976711
628,0.1703061
629,0.017235696
630,0.017235696
631,-0.03611873
632,1.1187849
633,-0.1965314
634,-0.08229402
635,0.3665392
636,0.08438127
637,0.17943668
638,0.29194856
639,0.44405976
640,-0.83359736
641,-0.21262085
642,-0.63246685
643,0.10734477
644,0.45388347
645,-0.01256403
646,-0.008821759
647,0.07398117
648,0.017235696
649,0.017235696
650,-0.017243892
651,0.09639536
652,-0.013778605
653,0.16828333
654,-0.16702662
655,0.07398866
656,-0.44297186
657,0.30096158
658,0.017235696
659,0.017235696
660,-0.8544311
661,0.0672487
662,0.39556512
663,0.017235696
664,0.13004524
665,-0.13579527
666,0.017235696
667,-0.75726134
668,0.099944726
669,0.49507907
670,0.017235696
671,-0.06444476
672,0.012108773
673,0.098612435
674,-0.34385836
675,0.20508586
676,0.2276132
677,0.08406347
678,0.49712232
679,0.017235696
680,-0.1723172
681,-1.0354207
682,0.4860324
683,0.26694167
684,-0.59543914
685,0.92031276
686,0.017235696
687,0.6655236
688,0.42096213
689,0.017235696
690,0.107448585
691,-0.38034984
692,0.4822782
693,0.033008967
694,-0.011009365
695,0.017235696
696,0.0473839
697,0.70424527
698,0.42941886
699,0.12629667
700,0.017235696
701,-0.16537935
702,-0.3138566
703,0.29606944
704,-0.048948176
705,0.017235696
706,-0.070186816
707,0.017235696
708,0.37516245
709,0.10194093
710,0.1616408
711,-0.3448586
712,0.06189762
713,0.1040936
714,0.23021641
715,-0.17191459
716,0.11329175
717,0.2967791
718,0.06278243
719,0.6131801
720,0.19037953
721,0.2235604
722,0.032149114
723,0.017235696
724,0.1929261
725,-0.03763076
726,0.7230207
727,0.3342659
728,-0.04405418
729,0.053836823
730,0.017235696
731,0.017235696
732,0.2617327
733,0.017235696
734,0.37410715
735,-0.009555716
736,0.017235696
737,-0.011747465
738,0.017235696
739,0.017235696
740,0.04329692
741,0.3682609
742,0.81740904
743,0.017235696
744,0.06665531
745,0.41072467
746,0.11279099
747,-0.08944346
748,0.1273027
749,-1.5423105
750,0.45411474
751,0.014987573
752,0.017235696
753,0.24541013
754,0.017235696
755,0.082101844
756,-0.23253533
757,0.19717667
758,0.26236817
759,0.35744578
760,0.017235696
761,-0.080231726
762,0.017235696
763,0.84470826
764,0.81317574
765,0.30364436
766,0.017235696
767,0.73031145
768,-0.060443692
769,0.5502648
770,0.017235696
771,-0.03924664
772,0.058822155
773,-0.078778505
774,0.07441537
775,0.02341196
776,-0.07265494
777,0.017235696
778,0.017235696
779,0.017235696
780,-0.100009635
781,0.09400175
782,0.3618983
783,0.017235696
784,0.003407171
785,-0.10027468
786,0.017235696
787,0.0029611764
788,0.055608
789,0.017235696
790,-0.032710057
791,-0.058317244
792,0.017235696
793,-0.5551013
794,0.017235696
795,0.09313312
796,0.017235696
797,0.48026362
798,0.017235696
799,-0.31205502
800,1.2119939
801,0.017235696
802,0.18388784
803,-0.32048756
804,0.6958653
805,-0.0020060018
806,0.017235696
807,0.18491293
808,-0.08772425
809,1.2598152
810,0.22113651
811,0.46200505
812,0.074441314
813,0.017235696
814,0.0777563
815,-0.3503121
816,0.25062758
817,-0.005113175
818,-0.13811798
819,0.017235696
820,-0.20342273
821,0.23073503
822,0.017235696
823,0.017235696
824,0.017235696
825,-0.15910465
826,0.48105425
827,-0.5491526
828,0.3524758
829,0.017235696
830,0.19091213
831,0.13928802
832,0.017235696
833,0.10644082
834,0.017235696
835,0.017235696
836,0.5563138
837,0.017235696
838,0.017235696
839,0.17786556
840,1.4702249
841,0.58364326
842,-0.08079975
843,0.56030566
844,0.12744857
845,-0.2059153
846,-0.05740361
847,0.017235696
848,-0.09166159
849,0.017235696
850,0.06042698
851,0.017235696
852,0.113503665
853,0.6787017
854,0.44810203
855,0.017235696
856,0.019313207
857,0.2108861
858,0.50376123
859,0.017235696
860,0.07333583
861,0.017235696
862,0.04358413
863,0.17206196
864,0.40803096
865,-0.08863306
866,-0.42905277
867,-0.07825787
868,-0.08006785
869,0.8804244
870,-0.24629125
871,0.25284111
872,0.5756772
873,0.017235696
874,0.5924757
875,0.9793286
876,0.2195275
877,0.048175618
878,1.1303043
879,0.8876
880,-0.061750956
881,0.017235696
882,-0.5239415
883,0.3070074
884,-0.07120037
885,0.017235696
886,-0.29858488
887,0.041018773
888,0.38716358
889,-0.4454035
890,0.06663485
891,-0.53276324
892,-1.235898
893,0.19631135
894,0.08381307
895,0.017235696
896,-0.14659533
897,-0.23287347
898,0.017235696
899,0.017235696
900,0.017235696
901,-1.0020468
902,0.017235696
903,-0.50414723
904,0.209806
905,0.36774907
906,0.017235696
907,0.07076314
908,-0.2554619
909,0.023773339
910,0.056198854
911,0.017235696
912,0.6868799
913,-0.76587063
914,0.43462834
915,0.46997693
916,-0.26633954
917,0.017235696
918,0.029698633
919,1.0083311
920,0.40075707
921,0.017235696
922,0.017235696
923,1.2926314
924,-0.052938744
925,0.9415913
926,0.017235696
927,0.017235696
928,-0.33134222
929,0.119311705
930,0.2758466
931,0.017235696
932,-0.30376703
933,0.1856628
934,-0.417127
935,-0.12622066
936,-0.006017253
937,0.036859773
938,-0.24629435
939,-0.26374227
940,0.023429126
941,0.017235696
942,-0.22550507
943,-0.34988242
944,0.017235696
945,-0.24633178
946,0.40399995
947,0.017235696
948,-0.5633004
949,0.017235696
950,0.63516265
951,0.017235696
952,-0.1716436
953,-0.1244733
954,0.29628465
955,0.14474477
956,-0.13259885
957,0.8517248
958,-0.11608325
959,0.058136087
960,0.017235696
961,0.017235696
962,-0.8994684
963,0.24242559
964,1.9041672
965,0.3037191
966,0.1491851
967,0.017235696
968,0.017235696
969,0.16342717
970,-0.15418646
971,0.47942305
972,-0.042993225
973,-0.0021038111
974,-0.13716008
975,-1.1648743
976,0.017235696
977,-0.3319316
978,0.017235696
979,0.017235696
980,0.14796266
981,0.00064801425
982,0.017235696
983,-0.11339229
984,-0.118427694
985,-0.14650579
986,0.43001577
987,0.02793573
988,0.49240035
989,0.15088002
990,-0.08230145
991,0.74448687
992,-0.47895053
993,-0.34572807
994,-0.07838002
995,0.44699776
996,-0.7864477
997,1.0788989
998,-0.7373904
999,0.017235696
1000,0.031742305
1001,-1.135859
1002,0.017235696
1003,0.08605472
1004,-0.12026951
1005,-0.55149704
1006,0.04556839
1007,0.017235696
1008,-0.29867488
1009,0.017235696
1010,-0.051306956
1011,0.06598221
1012,0.017235696
1013,0.017235696
1014,0.017235696
1015,0.017235696
1016,-0.4796716
1017,0.22727773
1018,0.6945449
1019,0.017235696
1020,0.09638064
1021,0.17844903
1022,-0.14394423
1023,0.017235696
1024,0.5698691
1025,0.017235696
1026,0.017235696
1027,0.017027788
1028,-0.065997936
1029,0.017235696
1030,0.058378667
1031,-0.09072358
1032,0.16268796
1033,-0.2929613
1034,-0.004290886
1035,0.052536063
1036,0.017235696
1037,0.08110732
1038,0.40322173
1039,0.11970276
1040,-0.028274074
1041,-0.07781303
1042,0.04606247
1043,1.1981578
1044,-0.5578405
1045,0.17284888
1046,0.017235696
1047,0.017235696
1048,0.017235696
1049,-0.28068227
1050,-0.027467817
1051,0.38515088
1052,-0.07449427
1053,0.78091174
1054,0.0055578128
1055,0.017235696
1056,0.12243638
1057,0.017235696
1058,0.32706603
1059,0.12033673
1060,0.017235696
1061,0.009572417
1062,0.017235696
1063,0.28923148
1064,0.017235696
1065,0.037683748
1066,0.20083073
1067,0.07595681
1068,0.7635761
1069,0.5221686
1070,-0.015036851
1071,0.13566509
1072,0.017235696
1073,0.017235696
1074,0.44770452
1075,0.07585261
1076,-0.4284776
1077,0.17747076
1078,0.0015254915
1079,0.017235696
1080,0.017235696
1081,-0.014128819
1082,0.017235696
1083,0.37830874
1084,0.017235696
1085,0.14731483
1086,8.7244436e-05
1087,-0.60231614
1088,0.48505747
1089,0.017235696
1090,0.051710583
1091,-0.058114544
1092,0.43095073
1093,0.6250414
1094,-0.13347183
1095,0.017235696
1096,-0.11184549
1097,0.1287587
1098,0.36202514
1099,0.45472142
1100,0.15640602
1101,0.23190743
1102,0.017235696
1103,0.1312466
1104,-0.30965924
1105,0.017235696
1106,0.38331228
1107,0.36802778
1108,0.017235696
1109,-0.32974172
1110,-0.37680945
1111,-0.019467652
1112,-0.20306982
1113,-0.23528343
1114,0.55097336
1115,0.097233996
1116,0.5717722
1117,0.38161075
1118,0.2126812
1119,0.017235696
1120,0.2980574
1121,0.270276
1122,-0.19546135
1123,0.017235696
1124,-0.10110578
1125,1.2055788
1126,0.4949176
1127,-0.59407187
1128,0.017235696
1129,-0.18553707
1130,-0.28618267
1131,-0.12970313
1132,0.08890458
1133,0.15258434
1134,0.23262438
1135,-0.107745714
1136,-0.055546425
1137,-0.14857168
1138,-0.033873364
1139,0.017235696
1140,0.12109303
1141,0.017235696
1142,0.017235696
1143,-0.689321
1144,0.017235696
1145,0.18013953
1146,-0.08690955
1147,-0.31545377
1148,0.017235696
1149,0.033882312
1150,0.017235696
1151,0.14955755
1152,0.11872222
1153,0.82100934
1154,-0.08286565
1155,-0.78747964
1156,-0.42306775
1157,0.12570012
1158,1.0427873
1159,0.018153727
1160,0.15638241
1161,-0.046330743
1162,0.2608416
1163,-0.25705183
1164,-0.45959264
1165,0.018723674
1166,3.5505714
1167,0.14635128
1168,0.33018422
1169,0.4518368
1170,0.017235696
1171,0.04153608
1172,-0.5902343
1173,-0.1650526
1174,-0.08716971
1175,0.03521107
1176,0.06149663
1177,0.017235696
1178,-0.027845785
1179,0.017235696
1180,0.1291931
1181,0.14899698
1182,0.024816927
1183,-0.0946821
1184,0.36339834
1185,-0.5998512
1186,0.017235696
1187,0.017235696
1188,0.017235696
1189,0.017235696
1190,0.30610082
1191,-0.12580465
1192,0.017235696
1193,0.15546553
1194,0.0071162432
1195,0.27867204
1196,0.009233186
1197,-0.1404678
1198,0.23912475
1199,0.017235696
1200,0.33789006
1201,0.017235696
1202,0.3403716
1203,0.08751627
1204,0.25000596
1205,0.026094079
1206,0.20638546
1207,0.20113672
1208,0.17136307
1209,0.21830902
1210,0.017235696
1211,0.017235696
1212,0.22658405
1213,0.017235696
1214,-0.4066849
1215,0.017235696
1216,-0.111972705
1217,-0.49472928
1218,0.03148278
1219,0.017235696
1220,0.25129598
1221,0.017235696
1222,0.3685246
1223,1.7815301
1224,-0.18194818
1225,0.017235696
1226,0.017235696
1227,0.8068552
1228,-0.23014404
1229,0.05065241
1230,0.017235696
1231,0.052292477
1232,0.017235696
1233,0.017235696
1234,-1.1801581
1235,0.16659236
1236,0.022201672
1237,-0.18797632
1238,-0.048151962
1239,-0.08183062
1240,0.7484271
1241,-0.5400545
1242,0.16477656
1243,-0.27240524
1244,-1.8476932
1245,0.34984598
1246,0.017235696
1247,0.017235696
1248,0.18701357
1249,-1.1205673e-05
1250,-0.7508301
1251,-0.06847836
1252,0.017235696
1253,0.25731766
1254,0.06520539
1255,-0.059302993
1256,0.017235696
1257,0.043804675
1258,0.15212974
1259,0.017235696
1260,-0.1736959
1261,0.14299966
1262,0.017235696
1263,-0.007930264
1264,0.13136098
1265,0.13759732
1266,0.5027779
1267,0.4550882
1268,0.318785
1269,-0.27688608
1270,0.92038965
1271,-1.4804425
1272,-0.054472648
1273,0.017235696
1274,0.017235696
1275,0.2609201
1276,0.59477687
1277,0.86270845
1278,0.034467466
1279,0.43721306
1280,-0.21504155
1281,0.20751461
1282,1.4844296
1283,0.017235696
1284,0.1905363
1285,0.22247155
1286,-0.44752932
1287,-0.570386
1288,0.28263316
1289,0.44674027
1290,-0.2851607
1291,-0.04663007
1292,0.014291521
1293,0.12700993
1294,0.0029695267
1295,0.017235696
1296,0.017235696
1297,0.504863
1298,0.09109369
1299,0.2514499
1300,0.017235696
1301,0.04683724
1302,-0.21629933
1303,0.09121717
1304,-0.034946628
1305,0.5330799
1306,-0.77120036
1307,0.092866234
1308,0.017235696
1309,-0.16420785
1310,-0.44145602
1311,0.017235696
1312,0.2606799
1313,0.22361732
1314,-0.03285612
1315,0.017235696
1316,0.017235696
1317,2.1613305
1318,0.71265036
1319,0.759825
1320,0.017235696
1321,0.30421767
1322,0.16920745
1323,0.19528626
1324,0.16329655
1325,-1.223356
1326,-0.84443766
1327,0.069664255
1328,0.63523656
1329,-0.1731987
1330,-0.40553653
1331,0.017235696
1332,0.1912722
1333,-0.30093366
1334,0.017235696
1335,0.017235696
1336,0.7906947
1337,0.017235696
1338,0.3952071
1339,0.014310218
1340,0.017235696
1341,-0.4183575
1342,0.017235696
1343,0.13529101
1344,-1.235956
1345,-0.2561071
1346,0.017235696
1347,0.017235696
1348,0.030951526
1349,0.7256766
1350,0.017235696
1351,0.017235696
1352,-0.10013205
1353,-0.08414155
1354,0.017235696
1355,0.017235696
1356,-0.07759991
1357,0.4628865
1358,0.07102957
1359,0.592894
1360,0.017235696
1361,0.19215345
1362,0.31331453
1363,0.20527163
1364,0.52312964
1365,0.30429316
1366,0.57586193
1367,0.22733673
1368,0.45995888
1369,0.017235696
1370,-0.26186362
1371,0.1503309
1372,-0.026386112
1373,0.017235696
1374,0.017235696
1375,0.15377177
1376,0.017235696
1377,0.017235696
1378,0.22778638
1379,-0.1572676
1380,-1.353193
1381,1.2020836
1382,0.017235696
1383,0.017235696
1384,0.6100525
1385,-0.405539
1386,-0.014329433
1387,-0.25033614
1388,-0.27081183
1389,0.025606256
1390,0.04556383
1391,0.017235696
1392,0.90522766
1393,0.08036624
1394,0.191592
1395,0.674818
1396,0.1024063
1397,0.017235696
1398,-0.05855207
1399,-0.045807034
1400,0.03876221
1401,-0.35133222
1402,-0.14734688
1403,0.017235696
1404,0.96767384
1405,0.33819842
1406,0.017235696
1407,-0.26668832
1408,0.28709176
1409,0.017235696
1410,0.20373398
1411,0.33916402
1412,0.19486533
1413,-0.14234382
1414,0.16924098
1415,0.2075282
1416,0.017235696
1417,-0.09208393
1418,0.017235696
1419,0.35479605
1420,0.66096026
1421,0.017235696
1422,-0.250734
1423,-0.19972298
1424,0.0014170632
1425,-1.1396401
1426,0.13345687
1427,-0.6449176
1428,0.1963919
1429,0.017235696
1430,0.017235696
1431,0.74305695
1432,-0.78196377
1433,0.04688484
1434,0.017235696
1435,0.3315517
1436,1.2600689
1437,0.017235696
1438,0.15195474
1439,0.09703633
1440,-0.14257713
1441,-0.76281416
1442,-0.75412697
1443,0.017235696
1444,0.017235696
1445,0.32732657
1446,0.017235696
1447,0.017235696
1448,0.017235696
1449,0.017235696
1450,-0.0022652354
1451,0.017235696
1452,0.017235696
1453,-0.051179647
1454,0.017235696
1455,0.017235696
1456,-0.3456227
1457,0.16962421
1458,0.7458179
1459,-0.03058841
1460,0.017235696
1461,0.11574621
1462,-0.016862568
1463,0.017235696
1464,0.16150086
1465,0.017235696
1466,-0.19586925
1467,-0.6079649
1468,0.06122068
1469,0.017235696
1470,-0.15655503
1471,0.017235696
1472,0.03362181
1473,-0.6043277
1474,0.017235696
1475,0.8819693
1476,-0.22349682
1477,0.28325126
1478,0.2006098
1479,0.07200368
1480,0.45910534
1481,-0.2677471
1482,-0.10041949
1483,0.017235696
1484,-0.09561582
1485,-0.5257949
1486,0.44034207
1487,0.017235696
1488,-0.030682951
1489,-0.30388963
1490,0.017235696
1491,0.43217966
1492,1.2980464
1493,0.017235696
1494,0.19102246
1495,0.017235696
1496,0.114363335
1497,0.08702229
1498,0.017235696
1499,0.017235696
1500,-0.41030952
1501,0.01507318
1502,0.017235696
1503,0.14792621
1504,0.060193986
1505,0.87258786
1506,0.017235696
1507,-0.08814819
1508,0.043552145
1509,0.1250365
1510,0.139845
1511,0.91642916
1512,0.04878001
1513,0.07310179
1514,0.06686378
1515,0.017235696
1516,0.017235696
1517,0.017235696
1518,0.017235696
1519,1.5741174
1520,0.25394952
1521,0.18478408
1522,0.14933164
1523,1.3000741
1524,0.15528819
1525,-0.36290148
1526,0.060982265
1527,0.07622692
1528,0.017235696
1529,0.017235696
1530,0.1820756
1531,0.017235696
1532,0.017235696
1533,-0.002848044
1534,0.017235696
1535,0.23499958
1536,3.5899634
1537,0.7787239
1538,0.017235696
1539,0.017235696
1540,0.18348835
1541,0.017235696
1542,0.017235696
1543,0.2481195
1544,0.16939528
1545,0.017235696
1546,0.22487214
1547,0.09704518
1548,0.23554939
1549,0.10570838
1550,0.3690586
1551,0.044935517
1552,0.017235696
1553,0.05460901
1554,-0.30947855
1555,0.5034087
1556,-0.6695067
1557,-0.5727193
1558,0.13884304
1559,-0.23855773
1560,0.36845765
1561,-0.03639732
1562,-0.024369355
1563,0.033769034
1564,-0.018072836
1565,0.06447683
1566,-0.14530876
1567,0.017235696
1568,0.47980803
1569,0.058990374
1570,0.017235696
1571,0.7758724
1572,0.027277075
1573,0.017235696
1574,0.017235696
1575,0.017235696
1576,3.4706252
1577,0.017235696
1578,-0.44389817
1579,0.21238005
1580,0.017235696
1581,-0.11198571
1582,0.07962881
1583,-0.49070263
1584,0.09511446
1585,0.017235696
1586,0.017235696
1587,-0.110118896
1588,0.42446038
1589,-0.1418917
1590,0.10184451
1591,0.3445205
1592,0.23437431
1593,0.017235696
1594,0.22802028
1595,-0.3414234
1596,-0.4314374
1597,0.23162983
1598,0.017235696
1599,0.017235696
1600,0.017235696
1601,1.3157084
1602,-0.28337082
1603,0.21257994
1604,0.017235696
1605,-0.14833881
1606,0.017235696
1607,-0.32833117
1608,0.31155875
1609,0.021920262
1610,0.4567033
1611,0.17747653
1612,-0.2532801
1613,-0.09043816
1614,0.17468844
1615,-0.3904882
1616,0.6596396
1617,-0.99619347
1618,-0.23952323
1619,0.06623565
1620,0.15876976
1621,-0.05835306
1622,0.4635737
1623,0.017235696
1624,0.123262
1625,-0.046430677
1626,-0.021793153
1627,0.08587678
1628,-0.27810204
1629,-0.12278138
1630,-0.006883867
1631,0.017235696
1632,0.017235696
1633,-0.2726334
1634,-0.13199992
1635,0.22231281
1636,0.61821806
1637,0.017235696
1638,0.017235696
1639,-0.34733945
1640,0.017235696
1641,0.06072436
1642,-0.010707306
1643,0.017235696
1644,0.017235696
1645,-0.027719956
1646,0.21585582
1647,-0.26458874
1648,-0.18767568
1649,0.059238136
1650,0.37038842
1651,0.2826873
1652,0.48281243
1653,-0.8908575
1654,-0.075305305
1655,-0.051907778
1656,0.86666334
1657,0.21644482
1658,0.7697999
1659,0.2770187
1660,0.7187317
1661,0.44767475
1662,0.2468941
1663,0.09993539
1664,1.0599675
1665,-0.019265674
1666,1.7287815
1667,0.017235696
1668,0.12295178
1669,-0.075398535
1670,-0.35681707
1671,0.078119665
1672,0.017235696
1673,0.017235696
1674,0.017235696
1675,0.017235696
1676,0.017235696
1677,0.1146388
1678,0.3211193
1679,0.017235696
1680,0.017235696
1681,0.017235696
1682,0.017235696
1683,-0.49463457
1684,0.00044565834
1685,-0.37175065
1686,0.24421744
1687,-0.6568415
1688,-0.255635
1689,-0.2869959
1690,-0.7580652
1691,0.017235696
1692,0.75862134
1693,0.017235696
1694,0.83786446
1695,0.17030023
1696,0.017235696
1697,0.27112654
1698,0.5868708
1699,0.067658104
1700,1.4145353
1701,-0.17776904
1702,0.2681829
1703,1.1603749
1704,-0.14868411
1705,0.036286004
1706,0.30423543
1707,-0.39331365
1708,0.17756422
1709,0.06469184
1710,0.24252126
1711,0.5959862
1712,0.017235696
1713,-0.5376383
1714,0.017235696
1715,0.017235696
1716,0.2281744
1717,0.01638794
1718,-0.32327077
1719,-0.25235584
1720,0.085784554
1721,0.017235696
1722,0.017235696
1723,0.32884303
1724,0.2663257
1725,-0.14962739
1726,0.017235696
1727,0.21358228
1728,-0.099649146
1729,0.017235696
1730,0.3759357
1731,-0.17997068
1732,0.05603021
1733,0.46415713
1734,-0.059023038
1735,0.15963511
1736,0.017235696
1737,1.3088696
1738,0.22609176
1739,0.4934458
1740,0.017235696
1741,0.025158819
1742,0.1040195
1743,0.23312247
1744,-0.63403577
1745,0.08733752
1746,0.21827298
1747,0.69167113
1748,0.5091863
1749,0.017235696
1750,-0.38055605
1751,-0.11643663
1752,0.36873817
1753,0.017235696
1754,0.879145
1755,0.08244383
1756,-0.097729065
1757,0.017235696
1758,-0.25594664
1759,0.017235696
1760,0.22005288
1761,0.2264079
1762,0.33480406
1763,-0.63222486
1764,0.06372835
1765,0.22350234
1766,0.014309837
1767,0.017235696
1768,0.58655345
1769,-0.036900263
1770,-0.23072681
1771,0.017235696
1772,0.045316927
1773,-0.17021535
1774,-0.059047267
1775,0.9420976
1776,0.4604505
1777,0.017235696
1778,0.032427978
1779,0.21578205
1780,1.0767353
1781,0.017235696
1782,0.017235696
1783,0.87231743
1784,0.2221654
1785,0.4224398
1786,-0.0426154
1787,0.6261192
1788,-0.6976628
1789,0.1872156
1790,-0.037869327
1791,0.0068105375
1792,0.80211854
1793,0.55793506
1794,0.017235696
1795,0.4124929
1796,-0.092928946
1797,0.21773829
1798,0.6191421
1799,-0.057896905
1800,-0.558363
1801,0.017235696
1802,0.017235696
1803,-0.41683927
1804,-0.15774567
1805,-0.119299695
1806,0.38297614
1807,-0.659375
1808,0.08422442
1809,-1.9954183
1810,0.066188194
1811,0.056179002
1812,0.50034
1813,0.16196926
1814,0.7240125
1815,0.10925676
1816,0.017235696
1817,0.24297811
1818,-0.590321
1819,-0.03821377
1820,0.13885236
1821,0.23935412
1822,0.42266652
1823,-0.3179065
1824,0.06800376
1825,0.017235696
1826,-0.65779907
1827,0.23633936
1828,-0.396089
1829,0.13935697
1830,0.049174007
1831,-0.16035087
1832,0.45130518
1833,0.017235696
1834,0.019029522
1835,0.017235696
1836,0.13052382
1837,0.017235696
1838,0.045534268
1839,-0.008200599
1840,0.43772155
1841,0.017235696
1842,-0.20126057
1843,-0.1146151
1844,0.08163058
1845,-0.101178676
1846,-0.20534496
1847,0.74564207
1848,0.017235696
1849,0.64574873
1850,0.04267277
1851,0.08388446
1852,-0.0641707
1853,0.017235696
1854,0.017235696
1855,0.12483822
1856,0.017235696
1857,-0.910173
1858,-0.5129232
1859,0.33145863
1860,0.20047465
1861,0.017235696
1862,0.017235696
1863,-0.21031332
1864,0.017235696
1865,0.19448268
1866,-0.3439648
1867,0.017235696
1868,-0.47482646
1869,-0.0139553845
1870,0.017235696
1871,0.75950146
1872,0.017235696
1873,-0.32415104
1874,-0.051195174
1875,-0.11271334
1876,1.569655
1877,0.24221367
1878,0.15166047
1879,-0.23872462
1880,-0.061956584
1881,-0.096828215
1882,-0.112961784
1883,0.27136803
1884,0.017235696
1885,0.017235696
1886,0.22014979
1887,0.09490937
1888,0.2783916
1889,0.45756465
1890,-0.083572984
1891,0.052791394
1892,-1.0717537
1893,0.24707983
1894,-0.007434327
1895,-0.20281827
1896,0.017235696
1897,0.017235696
1898,1.2848625
1899,0.017235696
1900,0.017235696
1901,0.017235696
1902,0.06466158
1903,0.36521032
1904,0.3601855
1905,-1.1069169
1906,-0.15486017
1907,-0.11628464
1908,0.10051728
1909,0.6488169
1910,0.017235696
1911,0.22355531
1912,0.7017011
1913,0.017235696
1914,0.02575836
1915,-0.28019765
1916,0.15898353
1917,0.15394977
1918,1.0115206
1919,0.017235696
1920,0.17712688
1921,0.15641864
1922,0.39605322
1923,0.017235696
1924,0.39099222
1925,-0.09035316
1926,-0.08707985
1927,-0.09694951
1928,0.27701694
1929,0.017235696
1930,0.017235696
1931,-0.20912343
1932,0.017235696
1933,-0.2938767
1934,0.5889974
1935,0.4223946
1936,0.017235696
1937,0.1844306
1938,0.017235696
1939,1.3573506
1940,-0.108671054
1941,0.33756825
1942,0.1608421
1943,0.51256657
1944,0.017235696
1945,0.807584
1946,0.49188974
1947,0.07563722
1948,-0.27615297
1949,0.017235696
1950,0.017235696
1951,0.017235696
1952,0.82459253
1953,-0.89161855
1954,0.017235696
1955,-0.9096221
1956,0.32635313
1957,0.0656651
1958,-0.9698056
1959,0.092561714
1960,-0.69113046
1961,0.06488402
1962,-0.15298595
1963,0.07160946
1964,0.26687375
1965,0.017235696
1966,-0.06860905
1967,-0.31455582
1968,0.06059731
1969,-0.12899043
1970,-0.05311726
1971,-0.20508903
1972,0.39334348
1973,0.9010691
1974,0.017235696
1975,0.9379774
1976,-0.6719358
1977,0.017235696
1978,0.22129115
1979,0.5697395
1980,0.09166524
1981,0.11292325
1982,-0.089222714
1983,0.2228196
1984,-0.14587426
1985,0.017235696
1986,2.8181515
1987,0.017235696
1988,0.017235696
1989,0.031256232
1990,0.26477772
1991,0.6657421
1992,-0.24690089
1993,0.017235696
1994,0.13235164
1995,0.35094112
1996,0.5711181
1997,0.13168958
1998,0.34570837
1999,0.017235696
2000,0.4911575
2001,-0.6687113
2002,-0.4599123
2003,0.41546014
2004,0.45816475
2005,-0.13911274
2006,0.17158431
2007,-0.06226465
2008,0.21520352
2009,0.017235696
2010,0.46429926
2011,0.4214527
2012,0.050150067
2013,1.3935103
2014,0.017235696
2015,0.017235696
2016,0.045748595
2017,0.13183187
2018,0.0056482553
2019,-0.20697385
2020,0.017235696
2021,0.6916061
2022,0.3479988
2023,1.5681288
2024,0.009222084
2025,-0.008793727
2026,-0.0609622
2027,0.11218937
2028,0.017235696
2029,0.017235696
2030,-0.12170011
2031,0.017235696
2032,0.016799761
2033,0.3532985
2034,0.098630846
2035,0.50227726
2036,0.9052598
2037,0.017235696
2038,-0.16493659
2039,-0.51775676
2040,0.8983334
2041,0.017235696
2042,-0.39516807
2043,0.12312202
2044,0.2513106
2045,0.017235696
2046,0.2936934
2047,-0.451704
2048,-0.052252367
2049,0.0821766
2050,0.25009003
2051,1.0464921
2052,-0.097937845
2053,-0.63242805
2054,-0.41883442
2055,-0.31856692
2056,0.8486931
2057,0.017235696
2058,-0.72583723
2059,-0.33262074
2060,0.13121521
2061,-0.16148597
2062,0.017235696
2063,0.61682874
2064,0.017235696
2065,0.4736499
2066,0.01635344
2067,0.3487446
2068,0.017235696
2069,0.39310664
2070,0.5252154
2071,0.10346242
2072,-0.0723975
2073,-0.021336675
2074,0.022686787
2075,0.017917017
2076,0.14651299
2077,0.017235696
2078,0.017235696
2079,0.2574454
2080,-0.23604265
2081,-0.048753873
2082,-0.5434111
2083,1.1425767
2084,0.12630045
2085,0.08403676
2086,0.11582821
2087,-0.23591307
2088,0.2806646
2089,0.017235696
2090,0.017235696
2091,-0.57597303
2092,0.017235696
2093,0.18665072
2094,0.9890643
2095,0.30789796
2096,-0.06807205
2097,-0.04236394
2098,-0.21299069
2099,0.017235696
2100,0.1699582
2101,0.55050457
2102,0.46371678
2103,-0.16350254
2104,0.36275908
2105,-0.057745315
2106,0.038194694
2107,-0.06494318
2108,0.017235696
2109,-0.24239737
2110,0.017235696
2111,0.017235696
2112,0.017235696
2113,0.043024965
2114,-0.24427566
2115,-0.039223045
2116,0.2372912
2117,0.09324124
2118,0.017235696
2119,0.017235696
2120,0.021399744
2121,-0.021562863
2122,-0.12831712
2123,0.44971845
2124,0.017235696
2125,0.21685323
2126,-0.27260655
2127,0.5244343
2128,0.017235696
2129,0.017235696
2130,-0.38410938
2131,-0.31738508
2132,0.8754085
2133,0.27412337
2134,-0.2674836
2135,-0.16594625
2136,-0.16525725
2137,-0.65752363
2138,-0.1548911
2139,-0.3123102
2140,-0.32845312
2141,0.51348585
2142,-1.2450769
2143,-0.029405832
2144,-0.23656717
2145,-0.23360687
2146,0.017235696
2147,0.04121927
2148,0.4359104
2149,0.33121794
2150,0.129248
2151,0.017235696
2152,0.026984552
2153,0.38564795
2154,0.017235696
2155,0.017235696
2156,0.017235696
2157,0.38159373
2158,0.330901
2159,0.2944874
2160,0.017235696
2161,-0.30538404
2162,0.60222065
2163,0.46658218
2164,-0.51585203
2165,-0.36951917
2166,0.017235696
2167,0.4427219
2168,-0.079099104
2169,0.017235696
2170,0.059925765
2171,-0.20554677
2172,0.34249339
2173,0.040355492
2174,0.15375406
2175,1.6568563
2176,0.017235696
2177,0.10923891
2178,0.14941615
2179,-0.08772191
2180,0.92262995
2181,-0.094649956
2182,-0.9719762
2183,0.7885586
2184,0.8770268
2185,0.075744405
2186,-0.21204343
2187,0.8938648
2188,0.3796835
2189,0.017235696
2190,0.017235696
2191,0.947643
2192,-0.21345583
2193,0.04796513
2194,0.012886243
2195,0.369937
2196,0.39619297
2197,-0.080050945
2198,0.6722485
2199,-0.04924623
2200,0.017235696
2201,0.072707415
2202,-0.22777058
2203,0.017235696
2204,0.009773143
2205,0.8214091
2206,0.017235696
2207,0.0036739148
2208,-0.46320957
2209,0.017235696
2210,-0.29778126
2211,0.017235696
2212,0.017235696
2213,0.017235696
2214,0.017235696
2215,0.13992265
2216,-0.34748787
2217,0.017235696
2218,0.20550457
2219,0.017235696
2220,0.22124662
2221,0.03753265
2222,-0.028321072
2223,0.12354492
2224,-0.3518614
2225,-0.4191223
2226,0.59970295
2227,0.28133705
2228,0.017235696
2229,0.2980956
2230,0.062113583
2231,0.017235696
2232,0.36353365
2233,-0.046562634
2234,0.8657139
2235,0.017235696
2236,-0.08580747
2237,0.16447203
2238,0.017235696
2239,0.43721852
2240,0.05376693
2241,-0.29967147
2242,0.50379634
2243,0.52426827
2244,0.017235696
2245,0.21720125
2246,0.017235696
2247,0.19083136
2248,-0.4041744
2249,-0.096856475
2250,0.017235696
2251,0.31682932
2252,0.3576579
2253,-0.11934088
2254,0.017235696
2255,0.15206799
2256,0.44248703
2257,0.017235696
2258,1.0024004
2259,0.09586254
2260,0.11710335
2261,0.14816895
2262,0.7947659
2263,0.58392316
2264,-0.5037599
2265,1.2003663
2266,0.19601487
2267,0.28606418
2268,0.017235696
2269,0.017235696
2270,-0.66980195
2271,-0.58242744
2272,0.017235696
2273,0.017235696
2274,0.51359785
2275,-0.1639116
2276,0.19535156
2277,-0.008317836
2278,0.25995624
2279,-0.20183858
2280,0.08563085
2281,-0.034769863
2282,-0.22044206
2283,0.017235696
2284,-0.18810658
2285,1.0164413
2286,0.050609466
2287,0.12271032
2288,0.5033637
2289,-0.33291686
2290,0.017235696
2291,0.070773154
2292,0.45203042
2293,0.135689
2294,0.08581586
2295,0.017235696
2296,0.12334569
2297,-0.6368136
2298,-0.15811895
2299,0.0015523322
2300,1.3905106
2301,1.4662676
2302,-0.25874066
2303,0.42448482
2304,0.017235696
2305,-0.22745064
2306,0.5225858
2307,-0.389777
2308,0.017235696
2309,0.8441891
2310,0.017235696
2311,0.017235696
2312,0.017235696
2313,0.017235696
2314,0.20030494
2315,0.34647232
2316,0.017235696
2317,-0.12793271
2318,0.23868063
2319,0.017235696
2320,0.1955669
2321,0.017235696
2322,0.17964372
2323,-0.1478245
2324,-0.1497158
2325,0.017235696
2326,0.13062066
2327,-0.12564646
2328,0.017235696
2329,0.23849428
2330,0.017235696
2331,-0.18588665
2332,0.017235696
2333,-0.62986815
2334,0.16826323
2335,0.017235696
2336,0.017235696
2337,0.07803838
2338,0.017235696
2339,0.03526327
2340,0.017235696
2341,0.8040454
2342,-0.34567747
2343,0.017235696
2344,-0.29254133
2345,1.2499192
2346,0.045649674
2347,-0.6244478
2348,0.011768103
2349,0.017235696
2350,0.017235696
2351,0.24016891
2352,0.3671779
2353,0.32330886
2354,-0.0875755
2355,1.4221375
2356,0.017235696
2357,0.30860606
2358,0.014147013
2359,0.67104274
2360,0.082396805
2361,0.13136706
2362,0.017235696
2363,0.60347444
2364,0.10549906
2365,0.83862585
2366,0.017235696
2367,0.017235696
2368,0.017235696
2369,0.017235696
2370,0.017235696
2371,0.09213195
2372,0.16592208
2373,0.017235696
2374,0.12943679
2375,0.79644924
2376,0.0775339
2377,0.017235696
2378,0.36755523
2379,0.017235696
2380,0.017235696
2381,-0.4037478
2382,-1.0520382
2383,0.025251932
2384,-0.00870033
2385,1.2928236
2386,0.12862459
2387,-0.387814
2388,-0.53679097
2389,0.017235696
2390,0.017235696
2391,0.17293122
2392,0.24544224
2393,0.017235696
2394,0.0028257873
2395,0.0047448734
2396,-0.39802122
2397,0.3161956
2398,0.24396871
2399,-0.040846772
2400,-0.35534662
2401,0.017235696
2402,0.92751366
2403,0.1030226
2404,-0.039474234
2405,1.6465871
2406,-0.102485344
2407,-0.013543613
2408,0.017235696
2409,1.1825678
2410,-0.38906205
2411,0.10772191
2412,0.6740506
2413,0.08649219
2414,0.16265535
2415,1.1631169
2416,0.07959457
2417,0.31851643
2418,0.5529272
2419,0.7898054
2420,-0.99024934
2421,0.22176982
2422,0.017235696
2423,1.0630503
2424,0.34335488
2425,0.24911216
2426,0.017235696
2427,-0.110982835
2428,0.017235696
2429,0.017235696
2430,0.03295093
2431,-0.5138489
2432,-0.06737137
2433,0.017235696
2434,0.01300521
2435,0.1007631
2436,-1.0553753
2437,0.23533197
2438,0.3371436
2439,-0.643819
2440,1.1155062
2441,0.017235696
2442,0.55351317
2443,0.1514383
2444,-0.09616692
2445,0.017235696
2446,-0.09157041
2447,0.028250016
2448,0.6591684
2449,0.3290277
2450,-0.14470406
2451,0.92456514
2452,0.017235696
2453,-0.15733382
2454,0.0558596
2455,0.27252412
2456,0.106235385
2457,0.69153816
2458,0.19856173
2459,0.017235696
2460,-0.039515644
2461,0.44585934
2462,0.30912054
2463,-0.2064523
2464,0.05050041
2465,0.5664154
2466,-0.17985103
2467,0.017235696
2468,0.9846668
2469,0.017235696
2470,0.017235696
2471,0.017235696
2472,0.84187347
2473,0.36744416
2474,-0.26221964
2475,0.017235696
2476,0.26451266
2477,0.25360513
2478,0.0076477565
2479,0.12927872
2480,0.017235696
2481,0.044073846
2482,0.16892497
2483,0.19204445
2484,0.017235696
2485,0.017235696
2486,0.2437973
2487,0.23321123
2488,-0.23102412
2489,0.1472656
2490,0.017235696
2491,0.2692319
2492,0.5811338
2493,0.032298002
2494,0.35987982
2495,-0.02769424
2496,0.017235696
2497,0.017235696
2498,0.017235696
2499,0.2832309
2500,0.017235696
2501,0.017235696
2502,0.5908901
2503,-0.42575732
2504,-0.102733135
2505,0.16673814
2506,0.0063882302
2507,0.31928244
2508,-0.045129273
2509,0.017235696
2510,-0.32952997
2511,0.017235696
2512,0.6675044
2513,0.017235696
2514,0.49450883
2515,0.5953362
2516,-0.65721226
2517,0.010320609
2518,-0.3601086
2519,0.68065447
2520,0.017235696
2521,0.044405177
2522,1.0400333
2523,0.07214135
2524,0.047070842
2525,-0.64952594
2526,-0.13629624
2527,0.06215475
2528,-0.35618222
2529,0.12639612
2530,0.120280445
2531,-0.726104
2532,0.025951907
2533,0.017235696
2534,0.12766787
2535,0.017235696
2536,0.034395963
2537,0.65272504
2538,0.267324
2539,0.36432493
2540,0.102026604
2541,0.017235696
2542,0.017235696
2543,-0.41605616
2544,-0.39369977
2545,0.06330306
2546,-0.7986184
2547,0.5637707
2548,0.4284443
2549,0.017235696
2550,-0.2579168
2551,0.640198
2552,-0.058103055
2553,-0.5046638
2554,0.017235696
2555,2.3705492
2556,0.16184454
2557,1.4855142
2558,-1.5611372
2559,0.10017143
2560,0.017235696
2561,0.7866201
2562,-0.2913431
2563,0.017235696
2564,-0.90070736
2565,0.29434356
2566,-0.7746081
2567,-0.07614288
2568,0.23478147
2569,0.67223644
2570,0.017235696
2571,0.017235696
2572,0.29512277
2573,0.017235696
2574,0.17938933
2575,0.017235696
2576,0.8010666
2577,0.017235696
2578,0.026830688
2579,1.1857054
2580,0.53715473
2581,0.017235696
2582,0.18516272
2583,0.45147398
2584,-0.008999765
2585,0.017235696
2586,0.017235696
2587,0.017235696
2588,0.3110376
2589,0.017235696
2590,-0.4580188
2591,0.017235696
2592,1.9929094
2593,0.16256909
2594,0.097157836
2595,-0.1872859
2596,0.23728217
2597,0.4166628
2598,0.017235696
2599,0.017235696
2600,0.04406959
2601,-0.38284248
2602,0.017235696
2603,0.017235696
2604,0.017235696
2605,0.57128865
2606,0.017235696
2607,-0.1045706
2608,-0.057712317
2609,0.017235696
2610,0.15950139
2611,-0.05432134
2612,-0.017604854
2613,-0.37699088
2614,0.42978573
2615,-0.8148623
2616,0.14062166
2617,0.18072467
2618,0.017235696
2619,0.032459494
2620,0.33929512
2621,0.9731136
2622,-1.3492949
2623,0.08405429
2624,0.1856601
2625,0.25655004
2626,0.06706996
2627,0.063990146
2628,-0.23601061
2629,0.60853446
2630,-0.1786638
2631,0.017235696
2632,-0.053396218
2633,0.2450379
2634,-0.3008524
2635,0.13544314
2636,-0.2521188
2637,0.16625467
2638,-0.80487084
2639,0.3029836
2640,0.1745974
2641,0.017235696
2642,0.017235696
2643,1.1536326
2644,0.7288517
2645,0.15736523
2646,0.0449647
2647,0.44492155
2648,-0.7216905
2649,0.38522682
2650,0.017235696
2651,0.10704923
2652,0.27002543
2653,0.017235696
2654,0.017235696
2655,-0.37604403
2656,-0.031701215
2657,-0.006397793
2658,-0.14242008
2659,-0.26456758
2660,-0.15794802
2661,0.047610767
2662,-0.1463459
2663,0.017235696
2664,0.30395383
2665,0.017235696
2666,1.1591554
2667,-0.12806448
2668,0.017235696
2669,-0.21717179
2670,0.017235696
2671,0.74569184
2672,0.29800925
2673,0.017235696
2674,-0.1807948
2675,-0.027368955
2676,0.2877382
2677,0.37928885
2678,0.017235696
2679,1.211921
2680,0.017235696
2681,0.017235696
2682,0.006767854
2683,0.15512872
2684,0.2879828
2685,-0.36515832
2686,0.09074463
2687,0.01753464
2688,0.017235696
2689,-0.0046781767
2690,0.14468437
2691,0.926195
2692,0.04547126
2693,0.56916606
2694,0.22784545
2695,-0.91018707
2696,0.2920508
2697,0.017235696
2698,0.2509401
2699,-0.056371816
2700,0.26884195
2701,0.060072146
2702,0.017235696
2703,-0.8347937
2704,-1.2242644
2705,-0.79321706
2706,0.23392633
2707,0.017235696
2708,-0.048424326
2709,0.03477089
2710,-0.8372849
2711,0.017235696
2712,-0.343956
2713,-0.2619493
2714,0.017235696
2715,0.017235696
2716,0.46014935
2717,0.1242901
2718,0.017235696
2719,0.070770845
2720,-1.0136642
2721,0.017235696
2722,0.017235696
2723,-0.030234504
2724,-0.09863557
2725,0.017235696
2726,0.3634943
2727,-0.055590495
2728,0.3600156
2729,-0.49482965
2730,-0.05012101
2731,1.7564692
2732,-0.2799585
2733,0.017235696
2734,0.017235696
2735,-0.52400887
2736,0.01957488
2737,0.24399805
2738,0.017235696
2739,-0.011135027
2740,-0.13752837
2741,0.15903813
2742,0.017235696
2743,0.017235696
2744,0.6681666
2745,0.66323864
2746,0.16611125
2747,0.24998952
2748,-0.15565467
2749,0.10389357
2750,-0.3537103
2751,0.017235696
2752,0.017235696
2753,-0.33431512
2754,0.062128413
2755,0.12830743
2756,0.017235696
2757,-0.68271846
2758,0.010122985
2759,0.30475748
2760,0.15319626
2761,0.19319367
2762,0.3234634
2763,-0.21962279
2764,0.017235696
2765,-0.28020793
2766,0.1223418
2767,0.17956147
2768,0.13238898
2769,0.05324544
2770,0.36682883
2771,0.29970372
2772,0.017235696
2773,0.03766951
2774,0.06653522
2775,0.017235696
2776,0.017235696
2777,0.39787385
2778,-0.025800746
2779,1.0664728
2780,0.22102109
2781,0.45354202
2782,0.017235696
2783,0.062234264
2784,0.017235696
2785,-0.34512225
2786,0.19421713
2787,-0.12180413
2788,0.017235696
2789,-1.0181084
2790,0.5207075
2791,-0.39122063
2792,0.008111039
2793,0.024056504
2794,0.017235696
2795,0.31193733
2796,0.28225774
2797,-0.28476292
2798,1.1162422
2799,-0.024472319
2800,0.16441266
2801,-0.012533346
2802,0.017235696
2803,0.38675064
2804,0.51749784
2805,0.13016942
2806,0.7487615
2807,-0.12671892
2808,0.32956195
2809,1.1284435
2810,0.7206819
2811,0.22800097
2812,0.017235696
2813,0.54629695
2814,0.017235696
2815,0.017235696
2816,-0.12740856
2817,0.017235696
2818,0.11095143
2819,0.017235696
2820,0.20323789
2821,2.170032
2822,0.9969208
2823,0.017235696
2824,0.066422194
2825,0.017235696
2826,-0.14071009
2827,-0.33106917
2828,0.14142121
2829,0.8093457
2830,-0.007882472
2831,0.017235696
2832,-0.48801082
2833,0.017235696
2834,0.0066767223
2835,-0.012163803
2836,-0.760109
2837,0.017235696
2838,0.017235696
2839,0.017235696
2840,-0.04459542
2841,0.21416485
2842,-0.048126437
2843,0.21503751
2844,-0.64579827
2845,0.10685825
2846,0.006276224
2847,0.04777944
2848,-0.6142003
2849,0.2779355
2850,-0.16720282
2851,0.014081357
2852,0.017235696
2853,-0.32450232
2854,-0.24249226
2855,0.017235696
2856,2.179569
2857,-0.1310226
2858,0.017235696
2859,0.18481603
2860,0.6316638
2861,0.23263098
2862,0.10901715
2863,0.42902812
2864,0.21149492
2865,0.26136366
2866,-0.20807807
2867,0.8573931
2868,0.017235696
2869,-0.009631127
2870,1.2234418
2871,0.017235696
2872,-0.22814602
2873,0.27340192
2874,0.068830386
2875,-0.22456591
2876,0.017235696
2877,0.017235696
2878,0.017235696
2879,0.15918404
2880,0.7489496
2881,0.017235696
2882,0.768699
2883,0.325751
2884,0.12909833
2885,1.1585834
2886,0.83913195
2887,1.5612335
2888,0.3563515
2889,1.2054803
2890,0.10801184
2891,0.17066157
2892,0.017235696
2893,-0.17491183
2894,-0.15224026
2895,0.06513265
2896,0.017235696
2897,-0.2292801
2898,0.13998541
2899,1.4686267
2900,-0.8214523
2901,-0.92026937
2902,0.105180725
2903,0.06295246
2904,0.017235696
2905,-0.030241448
2906,-0.029361613
2907,-0.17972152
2908,0.13606474
2909,1.233362
2910,0.016622305
2911,-0.20723501
2912,0.016361369
2913,-0.091407806
2914,-0.02067428
2915,0.017235696
2916,0.017235696
2917,0.25199234
2918,-0.06385285
2919,0.13475554
2920,-0.019166648
2921,0.6774806
2922,0.060762182
2923,-0.04432854
2924,0.18524218
2925,0.03621976
2926,0.6318434
2927,0.52485484
2928,0.017235696
2929,0.045615025
2930,0.017235696
2931,-0.09554343
2932,0.17208824
2933,0.03093569
2934,-0.10992521
2935,0.41835213
2936,0.20325013
2937,0.017235696
2938,0.1495539
2939,0.26670548
2940,0.96028143
2941,0.017235696
2942,0.017235696
2943,0.017235696
2944,0.11136253
2945,0.017235696
2946,0.017235696
2947,0.017235696
2948,-1.2745957
2949,-0.14548913
2950,0.15133426
2951,-0.26241142
2952,0.017235696
2953,0.1861587
2954,-0.9707662
2955,0.017235696
2956,-0.3734674
2957,-0.08310916
2958,0.16275692
2959,0.017235696
2960,0.4312921
2961,-0.43156642
2962,-0.048420303
2963,0.27634364
2964,0.16386099
2965,0.7936234
2966,0.48764777
2967,0.09270707
2968,0.16288288
2969,-0.4874097
2970,0.18970574
2971,-0.25901407
2972,0.24293084
2973,0.017235696
2974,1.0603514
2975,-0.11549318
2976,0.017235696
2977,0.017235696
2978,0.57750124
2979,0.9813634
2980,0.017235696
2981,0.6496206
2982,-0.19748048
2983,0.017235696
2984,-1.1937511
2985,0.18180296
2986,0.017235696
2987,0.017235696
2988,0.006201258
2989,0.017235696
2990,-0.46371427
2991,0.017235696
2992,0.16576606
2993,0.017235696
2994,-0.03443618
2995,-0.701181
2996,0.038305447
2997,-0.31626552
2998,0.017235696
2999,0.15563472
3000,0.43756458
3001,-0.46311772
3002,0.09014459
3003,0.017235696
3004,0.017235696
3005,-0.20712025
3006,0.017235696
3007,-0.11272816
3008,-0.088675566
3009,0.9205058
3010,-0.0521195
3011,0.012152454
3012,0.019996237
3013,0.38838214
3014,0.017235696
3015,-0.095116824
3016,0.4188261
3017,0.61656076
3018,0.17534705
3019,0.017235696
3020,-0.08102351
3021,0.017235696
3022,0.048837654
3023,-1.1210482
3024,0.15708214
3025,-0.6910501
3026,0.017235696
3027,0.017235696
3028,-0.03421873
3029,0.017235696
3030,-0.17390157
3031,1.0010312
3032,-0.20996213
3033,0.017235696
3034,-0.056111827
3035,0.017235696
3036,0.28059864
3037,0.2923294
3038,-0.33779275
3039,-0.22632343
3040,-0.02690849
3041,1.6455193
3042,0.16883735
3043,0.2765232
3044,-0.0013226848
3045,0.017235696
3046,0.17509785
3047,0.0674023
3048,0.017235696
3049,-0.3484403
3050,0.034132935
3051,0.03151644
3052,1.276387
3053,0.017235696
3054,0.2317697
3055,-0.121825755
3056,0.017235696
3057,-0.77817047
3058,-0.26912293
3059,0.017235696
3060,0.09056713
3061,0.40099624
3062,0.017235696
3063,-0.059188068
3064,-0.4950623
3065,0.32636145
3066,0.017235696
3067,-0.57535625
3068,0.017235696
3069,-0.20832518
3070,0.4173607
3071,0.017235696
3072,0.18268597
3073,0.079321906
3074,0.21912965
3075,0.017235696
3076,0.017235696
3077,0.07325866
3078,0.10982341
3079,0.017235696
3080,-0.9581543
3081,-0.52985156
3082,0.017235696
3083,1.1057932
3084,0.16999641
3085,0.24015966
3086,0.017235696
3087,0.017235696
3088,0.017235696
3089,1.444951
3090,0.0037908107
3091,0.017235696
3092,-0.12246066
3093,-0.56035393
3094,0.017235696
3095,0.017235696
3096,-0.18522185
3097,1.4789832
3098,0.017235696
3099,0.017235696
3100,-0.057784975
3101,0.017235696
3102,0.10296872
3103,0.06311917
3104,0.23250179
3105,0.19001883
3106,0.16914122
3107,-0.6037729
3108,0.18158703
3109,0.66388863
3110,0.7799768
3111,0.017235696
3112,0.022137623
3113,0.25927347
3114,0.066304326
3115,0.2076332
3116,0.33782962
3117,0.28271604
3118,0.6066036
3119,0.017235696
3120,0.36523575
3121,0.03248505
3122,-0.36213204
3123,-0.01300431
3124,-0.43894267
3125,0.017235696
3126,0.017235696
3127,0.017235696
3128,0.6491545
3129,-0.17608234
3130,-0.41493025
3131,0.017235696
3132,-0.0845027
3133,-0.01769238
3134,-0.010922382
3135,0.017235696
3136,-0.54946446
3137,0.017235696
3138,0.0402326
3139,0.017235696
3140,0.017235696
3141,0.017235696
3142,0.19721359
3143,0.11044342
3144,0.017235696
3145,0.3296064
3146,0.54221565
3147,0.017235696
3148,0.14322963
3149,0.029236114
3150,-0.019913815
3151,0.44341785
3152,2.6531892
3153,0.24176766
3154,-0.004731735
3155,-0.76683617
3156,1.3399901
3157,0.03523693
3158,0.13046204
3159,-0.14132337
3160,-0.4597612
3161,0.095140204
3162,0.8847096
3163,0.3387523
3164,0.17700946
3165,0.19304463
3166,1.9714069
3167,0.017235696
3168,0.19322017
3169,-0.14801022
3170,-0.57685184
3171,0.078472614
3172,0.75917864
3173,0.017235696
3174,-0.10793197
3175,-0.32972065
3176,0.22906955
3177,-0.050610602
3178,0.23081179
3179,0.017235696
3180,0.017235696
3181,0.23832321
3182,0.31027168
3183,0.017235696
3184,-0.3978934
3185,-0.08993987
3186,-0.01042534
3187,-0.2822628
3188,-0.17501815
3189,0.11555906
3190,-0.070697084
3191,0.27650595
3192,-0.6152411
3193,0.017235696
3194,0.025244892
3195,0.48537207
3196,0.017235696
3197,0.47132567
3198,0.017235696
3199,0.2091535
3200,-0.21618532
3201,0.42331874
3202,0.14080542
3203,-0.852146
3204,0.017235696
3205,0.15804726
3206,0.11276201
3207,1.2507186
3208,0.14806601
3209,0.46466362
3210,-0.8700084
3211,0.17571476
3212,-0.35971478
3213,0.017235696
3214,0.3394787
3215,-0.061994575
3216,0.2248592
3217,0.25079918
3218,0.024453104
3219,-0.5715096
3220,0.49510267
3221,-0.036197037
3222,-0.02766329
3223,0.87635523
3224,0.2530584
3225,-0.1769472
3226,-0.4566164
3227,0.58016545
3228,-0.32450703
3229,-0.575738
3230,0.054700498
3231,-0.23706344
3232,0.017235696
3233,0.27715978
3234,0.8061873
3235,0.034924302
3236,-0.79249156
3237,0.18510865
3238,0.017235696
3239,0.20206146
3240,-0.5592594
3241,-0.03713652
3242,0.5797949
3243,-0.5250544
3244,0.15550096
3245,0.19254433
3246,0.16050866
3247,-0.2969204
3248,0.085925266
3249,0.20193566
3250,0.19974287
3251,0.45424333
3252,0.14249277
3253,0.18038832
3254,0.27262434
3255,0.29254925
3256,0.017235696
3257,-0.013616636
3258,0.26188642
3259,0.940887
3260,-0.75341815
3261,0.008525126
3262,0.017235696
3263,0.15936515
3264,0.6221188
3265,-0.0077886228
3266,0.140436
3267,0.017235696
3268,0.4502473
3269,0.017235696
3270,0.017235696
3271,-0.2443094
3272,0.5510694
3273,0.44888622
3274,0.52312845
3275,1.9272625
3276,0.12403438
3277,0.3419952
3278,0.15205361
3279,0.017235696
3280,0.9179222
3281,0.26623675
3282,-0.4899884
3283,-0.07530129
3284,-0.03701711
3285,0.017235696
3286,0.017235696
3287,0.89857835
3288,0.033235982
3289,0.23000251
3290,0.24965605
3291,0.017235696
3292,0.05321577
3293,-0.31524137
3294,-0.02437666
3295,-0.12053813
3296,0.017235696
3297,0.2888012
3298,-0.8400053
3299,-0.17792277
3300,0.29003808
3301,0.9078734
3302,-0.2463488
3303,1.0285211
3304,0.017235696
3305,0.078292266
3306,0.017235696
3307,-0.23098017
3308,-0.9436528
3309,0.14717178
3310,-0.20508197
3311,-0.77639174
3312,-0.13507624
3313,0.017235696
3314,0.13786635
3315,0.039677832
3316,0.017235696
3317,0.12646744
3318,0.011601051
3319,0.08421266
3320,0.09067151
3321,0.017235696
3322,-0.67759275
3323,0.37049806
3324,0.04323014
3325,0.16184914
3326,0.017235696
3327,0.017235696
3328,-0.89417136
3329,0.017235696
3330,0.017235696
3331,-0.102717824
3332,-0.16926886
3333,0.017235696
3334,0.21999371
3335,-0.0015515275
3336,0.30354193
3337,0.2326119
3338,0.72688186
3339,0.42019507
3340,0.017235696
3341,-0.01992537
3342,-0.52932906
3343,0.4811946
3344,-0.06659655
3345,1.0921814
3346,-0.4443762
3347,0.13162184
3348,0.017235696
3349,-0.11958335
3350,0.017235696
3351,0.5793629
3352,0.10836519
3353,0.017235696
3354,1.2720635
3355,0.017235696
3356,0.11184264
3357,1.0826991
3358,0.47758964
3359,0.017235696
3360,-0.035638496
3361,0.2555998
3362,-0.10734844
3363,-0.016707141
3364,-0.60512096
3365,0.017235696
3366,0.2820201
3367,-0.15102547
3368,1.3430724
3369,0.017235696
3370,-0.043258604
3371,0.017235696
3372,0.026717674
3373,0.017235696
3374,-0.062848106
3375,0.017235696
3376,0.032293182
3377,0.36232436
3378,0.067049176
3379,0.017235696
3380,-0.22668128
3381,-0.7097441
3382,0.7335494
3383,-0.024363965
3384,0.17476502
3385,-0.08459735
3386,0.24534065
3387,0.017235696
3388,0.031824715
3389,0.017235696
3390,0.017235696
3391,-0.24847275
3392,-0.987369
3393,0.017235696
3394,-0.36208108
3395,1.3023319
3396,0.0819885
3397,-0.70118713
3398,-0.033347126
3399,0.311026
3400,0.017235696
3401,0.017235696
3402,0.017235696
3403,0.017235696
3404,-0.051744945
3405,0.017235696
3406,-0.032304905
3407,-0.66846406
3408,0.333819
3409,0.017235696
3410,0.017235696
3411,0.18656626
3412,0.017235696
3413,0.7079117
3414,-0.1174162
3415,0.12804322
3416,-0.029440261
3417,0.017235696
3418,0.13302156
3419,0.017235696
3420,0.017235696
3421,-0.12783653
3422,0.16683888
3423,0.017235696
3424,-0.069166005
3425,0.03645742
3426,0.08068322
3427,0.14390095
3428,0.59031904
3429,-0.15391211
3430,-0.5677143
3431,0.03651234
3432,0.42927876
3433,-0.2983274
3434,-0.014096022
3435,0.00040586665
3436,-0.51091456
3437,-0.2519877
3438,0.017235696
3439,0.017235696
3440,0.22952548
3441,0.017235696
3442,0.9249745
3443,0.017235696
3444,-0.2191572
3445,0.017235696
3446,0.06270433
3447,-0.101741605
3448,-0.41447154
3449,0.17872384
3450,0.46030053
3451,-0.4111401
3452,0.15227205
3453,-0.25032803
3454,-0.64564055
3455,1.5563507
3456,0.45747858
3457,0.77100414
3458,1.2975616
3459,0.102328
3460,0.13037433
3461,-0.18668972
3462,-0.16642311
3463,0.15252425
3464,0.017235696
3465,0.99123573
3466,0.017235696
3467,0.092140436
3468,1.4307415
3469,0.017235696
3470,-0.12078555
3471,0.017235696
3472,0.017235696
3473,0.58506703
3474,-0.15708455
3475,-0.039344065
3476,0.11742576
3477,0.18669121
3478,-0.1211264
3479,0.03610918
3480,0.72561747
3481,0.017235696
3482,0.68453074
3483,0.075645745
3484,0.16470031
3485,-0.2265615
3486,0.017235696
3487,-0.66865057
3488,-0.4971913
3489,0.033910803
3490,0.017235696
3491,-0.082252085
3492,0.35354516
3493,1.0114822
3494,0.16320033
3495,0.722702
3496,-0.56954503
3497,-0.35385606
3498,0.017235696
3499,0.017235696
3500,1.1331134
3501,-0.10538339
3502,0.013292642
3503,-0.2311528
3504,0.19112334
3505,0.017235696
3506,0.017235696
3507,0.11978704
3508,-0.8170278
3509,0.5385166
3510,0.22539349
3511,-0.044551544
3512,-0.4053156
3513,0.017235696
3514,0.017235696
3515,0.42280138
3516,0.060825117
3517,0.18813246
3518,0.086382344
3519,0.4131114
3520,1.7289705
3521,-0.13477013
3522,0.22094135
3523,-0.06671587
3524,0.0489912
3525,0.123318434
3526,0.017235696
3527,0.017235696
3528,0.010477006
3529,0.077353254
3530,0.017235696
3531,-0.18644103
3532,-0.24826354
3533,0.017235696
3534,-0.12821926
3535,0.017235696
3536,0.19882575
3537,0.1370179
3538,0.017235696
3539,0.017235696
3540,0.1206868
3541,0.082101814
3542,0.0010092519
3543,-0.36492395
3544,-0.18186486
3545,0.6298905
3546,0.017235696
3547,-0.043946993
3548,0.016643556
3549,0.017235696
3550,0.10772465
3551,0.5105732
3552,0.017235696
3553,0.013771011
3554,-0.16855916
3555,0.24732885
3556,0.52928793
3557,0.26157445
3558,0.97265685
3559,-0.38427263
3560,0.033051092
3561,0.054798603
3562,0.50004274
3563,-1.4089365
3564,0.017235696
3565,-0.026130408
3566,0.583437
3567,-0.0062360335
3568,0.017235696
3569,0.017235696
3570,0.017235696
3571,0.1032123
3572,0.017235696
3573,0.017235696
3574,0.31555796
3575,0.09804064
3576,1.2447414
3577,-0.25672704
3578,0.22441189
3579,0.4985888
3580,0.017235696
3581,-0.01885162
3582,-0.6721345
3583,0.017235696
3584,0.017235696
3585,0.017235696
3586,0.61675566
3587,0.017235696
3588,0.017235696
3589,-0.34560743
3590,-0.5972311
3591,-0.21377608
3592,0.34376803
3593,0.07545603
3594,0.017235696
3595,-0.07029916
3596,-0.30250734
3597,-0.270784
3598,0.16573
3599,1.042901
3600,0.06535296
3601,0.035857495
3602,0.069082215
3603,0.017235696
3604,-0.019841164
3605,0.079230055
3606,0.1440214
3607,0.29488486
3608,-0.29556197
3609,-0.10499151
3610,0.559756
3611,0.017235696
3612,0.51949334
3613,0.017235696
3614,0.017235696
3615,0.017235696
3616,0.56985956
3617,0.30501202
3618,-0.055915385
3619,0.017235696
3620,-0.08219097
3621,-0.03112721
3622,0.017235696
3623,0.030580133
3624,0.017235696
3625,0.22924927
3626,0.4077778
3627,-0.33254644
3628,0.817624
3629,0.62183297
3630,0.2589612
3631,-0.43552905
3632,0.017235696
3633,-0.3596271
3634,0.017235696
3635,-0.18788303
3636,0.043958254
3637,2.5419703
3638,0.13311544
3639,0.1500125
3640,0.19271776
3641,0.017235696
3642,-0.1935705
3643,-0.24569196
3644,0.23561946
3645,0.4945562
3646,0.017235696
3647,0.21580732
3648,0.017235696
3649,-0.2854599
3650,-0.062410228
3651,0.2051656
3652,-0.8759229
3653,-0.19724555
3654,-0.063172005
3655,0.29709232
3656,0.2706041
3657,0.17558233
3658,-0.050101437
3659,0.054592945
3660,0.2266563
3661,-0.66791636
3662,0.25525755
3663,-0.031322688
3664,0.044539485
3665,0.0037378436
3666,-0.1506373
3667,0.017235696
3668,0.017235696
3669,0.017235696
3670,0.30807912
3671,0.101052195
3672,0.1447871
3673,-0.06842255
3674,0.017235696
3675,0.54646516
3676,0.017235696
3677,-0.27065957
3678,-0.11922164
3679,-0.00057496503
3680,0.8992837
3681,-1.1521873
3682,0.017235696
3683,0.12255718
3684,1.0031284
3685,-0.09216448
3686,0.103707746
3687,0.017235696
3688,0.33129945
3689,-0.5233576
3690,0.048765954
3691,0.017235696
3692,0.101965494
3693,0.017235696
3694,0.73720604
3695,0.13816288
3696,-0.10613096
3697,-0.0066044107
3698,0.2975372
3699,-0.22891498
3700,0.017235696
3701,0.09301612
3702,0.046423465
3703,0.017235696
3704,0.27781022
3705,-0.04278455
3706,0.031839043
3707,0.017235696
3708,0.017235696
3709,0.017235696
3710,0.017235696
3711,0.13696808
3712,-0.12553135
3713,0.6655304
3714,0.017235696
3715,0.015833326
3716,0.4292499
3717,0.017235696
3718,0.017235696
3719,0.017235696
3720,-0.5127018
3721,-0.93388367
3722,0.19479385
3723,-0.15338828
3724,0.11043062
3725,0.015231617
3726,1.0826843
3727,0.017235696
3728,0.017235696
3729,0.21724837
3730,0.10125775
3731,-0.34137666
3732,0.017235696
3733,0.017235696
3734,0.04604216
3735,0.07093159
3736,-0.11058138
3737,0.41387588
3738,0.3247601
3739,0.017235696
3740,0.5815143
3741,0.033386588
3742,-1.4989071
3743,0.6972118
3744,0.059282877
3745,-0.16609767
3746,0.40621945
3747,0.026839942
3748,-0.046478674
3749,0.015632927
3750,0.42637235
3751,0.017235696
3752,0.022388037
3753,-0.8038786
3754,-0.27479887
3755,0.3034315
3756,0.08195652
3757,-0.08728768
3758,-0.2579704
3759,0.017235696
3760,0.017235696
3761,0.14757581
3762,0.11129227
3763,-0.73625565
3764,-1.1273336
3765,0.25421628
3766,0.46262112
3767,0.16796221
3768,-0.16922952
3769,0.017235696
3770,0.017235696
3771,0.26648661
3772,-0.15319979
3773,0.104228154
3774,0.36048383
3775,0.14524972
3776,-1.0929339
3777,0.017235696
3778,1.5620005
3779,0.2583214
3780,0.48694333
3781,-0.078217395
3782,0.5064774
3783,0.13782264
3784,0.017235696
3785,0.4218497
3786,0.017235696
3787,-0.12740642
3788,-0.49452168
3789,1.2364311
3790,0.65609896
3791,0.29568774
3792,0.008591767
3793,0.13779037
3794,-0.44865862
3795,-0.005272623
3796,-0.3804363
3797,0.017235696
3798,0.017235696
3799,0.017235696
3800,0.12925866
3801,0.09345395
3802,0.017235696
3803,0.3871796
3804,0.62059426
3805,-0.40886974
3806,-0.027988572
3807,0.20433295
3808,0.27524808
3809,0.17205939
3810,0.017235696
3811,0.32471272
3812,0.011961011
3813,-0.023629516
3814,0.03809228
3815,0.13491926
3816,-0.33486697
3817,0.017235696
3818,1.7053638
3819,0.017235696
3820,-0.9047676
3821,-0.50041395
3822,-0.25402486
3823,-0.4446248
3824,0.37050962
3825,0.35342818
3826,1.4241362
3827,0.28435618
3828,0.64697486
3829,-0.039736457
3830,-0.32568696
3831,0.37357387
3832,0.017235696
3833,0.17064781
3834,0.49742028
3835,0.37921688
3836,-0.30008018
3837,0.13972792
3838,0.017235696
3839,-0.2477529
3840,-0.30283833
3841,0.4468013
3842,-0.03968276
3843,0.41442004
3844,0.38352102
3845,-0.24763134
3846,0.29983404
3847,0.6359262
3848,0.14291021
3849,0.017235696
3850,0.4280757
3851,0.017235696
3852,1.0838635
3853,0.15161262
3854,0.017235696
3855,0.017235696
3856,1.2668209
3857,0.30280614
3858,0.45953035
3859,0.14391905
3860,-0.7585039
3861,0.017235696
3862,0.09714258
3863,-0.0925322
3864,0.017235696
3865,0.17340595
3866,0.049331035
3867,0.035141803
3868,0.017235696
3869,-0.1423038
3870,-0.0834809
3871,0.10016746
3872,0.11830048
3873,0.017235696
3874,0.25531664
3875,0.017235696
3876,0.017235696
3877,0.017235696
3878,0.25715885
3879,0.017235696
3880,0.14014262
3881,0.3362669
3882,0.017235696
3883,0.017235696
3884,-1.864584
3885,0.105938226
3886,-0.015326146
3887,0.017235696
3888,0.24469526
3889,-0.34894538
3890,0.03887258
3891,-0.63765883
3892,0.48654667
3893,0.022759475
3894,0.06019776
3895,0.30865955
3896,0.017235696
3897,-0.3828004
3898,-0.084261596
3899,0.14755219
3900,0.017235696
3901,0.19393748
3902,-0.11076075
3903,-0.0663504
3904,0.017235696
3905,0.017235696
3906,0.58912796
3907,0.017235696
3908,-0.31181026
3909,0.4579125
3910,0.17345391
3911,-0.076701954
3912,0.43514735
3913,0.017235696
3914,0.5742989
3915,-0.18128239
3916,-0.24465874
3917,-0.0666839
3918,0.087393746
3919,0.18093593
3920,-0.52478826
3921,0.017235696
3922,0.017235696
3923,0.6298343
3924,0.017235696
3925,0.98123574
3926,0.061997026
3927,0.06052074
3928,0.31420755
3929,0.18288384
3930,0.36720446
3931,-0.31379074
3932,0.14002836
3933,0.017235696
3934,0.9306568
3935,0.26778236
3936,0.5878627
3937,-0.15761012
3938,-0.07867393
3939,0.12979198
3940,-0.044840872
3941,1.946214
3942,-0.37244958
3943,-0.06295009
3944,-0.718269
3945,-0.39875615
3946,0.12433476
3947,0.10741325
3948,-0.7569885
3949,0.6247104
3950,-0.14164282
3951,0.017235696
3952,-0.019161198
3953,-0.50622094
3954,0.24948403
3955,0.025475096
3956,0.017235696
3957,0.2762743
3958,1.0837669
3959,0.3785399
3960,-0.76000255
3961,-0.06961262
3962,0.057019945
3963,-0.2441212
3964,0.060420983
3965,0.5418531
3966,-0.46897
3967,0.017235696
3968,0.08418405
3969,-0.34347206
3970,0.07581055
3971,-0.14019209
3972,-0.020505115
3973,0.2152313
3974,0.017235696
3975,-0.031615082
3976,1.619823
3977,0.770425
3978,0.01937836
3979,0.008318895
3980,-0.15698196
3981,0.1184081
3982,-0.470494
3983,0.2844724
3984,-0.12926584
3985,-0.5829511
3986,0.3229767
3987,0.44865903
3988,-0.22896984
3989,0.017235696
3990,-0.2986396
3991,0.017235696
3992,0.20576042
3993,0.017235696
3994,0.017235696
3995,0.9507149
3996,0.017235696
3997,-0.2440359
3998,0.0799796
3999,0.25929844
4000,0.75422275
4001,-0.6888118
4002,1.1016295
4003,-0.1539343
4004,0.017235696
4005,0.9874143
4006,0.16425218
4007,0.3479216
4008,0.10564701
4009,-0.13848013
4010,0.017235696
4011,0.014492788
4012,0.15282503
4013,0.017235696
4014,-0.061699606
4015,0.017235696
4016,0.017235696
4017,0.017235696
4018,0.2873236
4019,-0.7031922
4020,0.017235696
4021,0.1068269
4022,0.23182696
4023,0.017235696
4024,0.085535504
4025,0.017235696
4026,0.017235696
4027,-0.063685805
4028,0.29032457
4029,0.6610149
4030,0.060857203
4031,0.017235696
4032,0.017235696
4033,0.028525583
4034,-1.440819
4035,-0.0231856
4036,0.017235696
4037,0.07319929
4038,0.16522732
4039,0.017235696
4040,0.32711497
4041,0.017235696
4042,0.017235696
4043,0.10045158
4044,0.031571336
4045,-0.057482243
4046,0.13528398
4047,-0.1844232
4048,-0.49506837
4049,-0.10935864
4050,-0.26303723
4051,0.038214978
4052,-0.46736452
4053,0.14768071
4054,0.017235696
4055,0.017235696
4056,-0.38707924
4057,0.017235696
4058,0.19631593
4059,0.017235696
4060,-0.09613836
4061,-0.061494723
4062,-0.26810038
4063,0.017235696
4064,0.18812552
4065,0.19209592
4066,-0.03608559
4067,-0.15540004
4068,0.54312915
4069,0.461919
4070,0.017235696
4071,0.54165524
4072,0.034150176
4073,0.24843666
4074,0.017235696
4075,0.10863638
4076,0.23909166
4077,0.54180914
4078,0.42860776
4079,0.28461412
4080,0.16399261
4081,-1.4399612
4082,1.3081467
4083,0.4268303
4084,0.43784508
4085,0.07808563
4086,-0.043059796
4087,0.017235696
4088,0.26665455
4089,0.017235696
4090,-0.04942301
4091,0.25337386
4092,0.017235696
4093,0.017235696
4094,0.017235696
4095,0.6074005
4096,0.5616799
4097,0.017235696
4098,0.41726574
4099,-0.6225012
4100,0.34917283
4101,-0.2900504
4102,0.017235696
4103,0.017235696
4104,0.06389775
4105,-0.12578768
4106,-0.17776594
4107,0.017235696
4108,-0.16071263
4109,0.017235696
4110,0.017235696
4111,0.07320738
4112,0.5662502
4113,0.057858743
4114,0.017235696
4115,-0.043859746
4116,-0.015607372
4117,-0.10254251
4118,0.017235696
4119,0.3138243
4120,0.017235696
4121,0.017235696
4122,0.17515293
4123,0.29050562
4124,0.13390946
4125,0.19987634
4126,0.017235696
4127,0.13501677
4128,0.54606766
4129,-0.60637456
4130,-1.120542
4131,-0.3811519
4132,0.7424455
4133,-0.43422887
4134,0.017235696
4135,-0.30877683
4136,0.017235696
4137,0.17666632
4138,0.07394506
4139,0.017235696
4140,-0.05501291
4141,-0.40980268
4142,0.42989144
4143,0.017235696
4144,0.07027492
4145,0.017235696
4146,1.8495712
4147,-0.3307941
4148,-0.06488877
4149,0.017235696
4150,0.017235696
4151,0.5745483
4152,0.03690093
4153,0.08782238
4154,0.95158064
4155,0.7476249
4156,0.39355025
4157,-0.16844511
4158,-0.053506434
4159,0.068701565
4160,-0.020415287
4161,0.017235696
4162,-0.5179727
4163,-0.9167186
4164,-1.07729
4165,0.73895115
4166,-0.019126259
4167,0.7448864
4168,-0.17190918
4169,-0.1544354
4170,0.19636998
4171,0.017235696
4172,0.017235696
4173,-0.28486076
4174,0.03707321
4175,0.017235696
4176,0.26991692
4177,0.017235696
4178,0.017235696
4179,0.017235696
4180,-1.0030792
4181,0.25854802
4182,0.017235696
4183,0.017235696
4184,0.32895607
4185,0.017235696
4186,-0.29374123
4187,-0.36316237
4188,0.017235696
4189,0.75686544
4190,0.7936699
4191,0.1386342
4192,0.44905192
4193,0.017235696
4194,0.017235696
4195,0.017235696
4196,0.017235696
4197,-0.13370869
4198,0.017235696
4199,0.45776808
4200,0.017235696
4201,0.017235696
4202,1.685499
4203,0.017235696
4204,-0.17605077
4205,-0.6706182
4206,0.35836855
4207,0.22268927
4208,0.0884505
4209,-0.44715792
4210,0.33398247
4211,-0.010151837
4212,0.5797929
4213,0.017235696
4214,-0.7689326
4215,0.021881938
4216,-0.024790615
4217,-0.8131036
4218,0.37413493
4219,0.2381849
4220,0.26398063
4221,0.017235696
4222,0.017235696
4223,0.12475859
4224,-0.29370385
4225,0.2565764
4226,0.057589576
4227,-0.5807708
4228,-0.4109704
4229,-0.90601057
4230,-0.21440648
4231,-0.13241835
4232,0.22825792
4233,0.6988755
4234,-0.09625531
4235,-0.50999904
4236,-0.36087888
4237,0.017235696
4238,0.10096525
4239,-0.8467118
4240,-0.15020333
4241,-0.041375324
4242,0.12458979
4243,0.77597296
4244,0.017235696
4245,0.017235696
4246,0.017235696
4247,-0.003036704
4248,-0.4363599
4249,0.017235696
4250,0.017235696
4251,-0.016324509
4252,-0.07773982
4253,-0.31443527
4254,0.06375515
4255,0.017235696
4256,-0.15911546
4257,0.6096223
4258,-0.1763869
4259,0.13898969
4260,-1.4901958
4261,-0.11130841
4262,0.017235696
4263,-0.15264688
4264,-0.8297875
4265,0.049642917
4266,0.16681959
4267,-0.2706016
4268,0.017235696
4269,0.30279616
4270,0.017235696
4271,0.017235696
4272,-0.018191613
4273,0.17327288
4274,0.2722317
4275,-1.2412908
4276,0.32084614
4277,0.78838927
4278,-0.21570037
4279,0.04204689
4280,-0.51646465
4281,-0.4879459
4282,-0.055004187
4283,0.017235696
4284,0.017235696
4285,0.7037808
4286,-0.10178675
4287,0.37936115
4288,0.24540351
4289,0.12143962
4290,-0.06608579
4291,0.46610925
4292,0.017235696
4293,0.017235696
4294,0.017235696
4295,0.2014053
4296,-0.035117894
4297,0.62289
4298,0.067183554
4299,0.16471961
4300,0.016063074
4301,0.6104973
4302,0.21714924
4303,0.7385118
4304,-0.003568003
4305,0.25351855
4306,-0.17065331
4307,0.053184938
4308,0.017235696
4309,-0.024287771
4310,0.017235696
4311,0.8212806
4312,0.46879858
4313,0.2138631
4314,-0.00922372
4315,-0.3809487
4316,-0.1624142
4317,0.017235696
4318,0.330318
4319,0.023694374
4320,0.024546564
4321,0.017235696
4322,-0.10284641
4323,0.7868953
4324,0.337397
4325,1.9155278
4326,0.0028785467
4327,0.4906416
4328,-0.39548358
4329,0.06024394
4330,-0.17463565
4331,1.3421655
4332,0.93899375
4333,-1.2799773
4334,0.002038164
4335,-0.4720602
4336,0.0013127662
4337,0.9171043
4338,0.7357136
4339,0.2719568
4340,-0.46707058
4341,0.017235696
4342,0.17598262
4343,-0.28285208
4344,0.017235696
4345,0.2496697
4346,0.10803585
4347,0.017235696
4348,0.18240449
4349,0.24379978
4350,0.017235696
4351,0.030814223
4352,-1.1969061
4353,-0.16311727
4354,0.19641769
4355,-0.43134257
4356,-0.09734012
4357,0.003881462
4358,0.1564162
4359,0.012355167
4360,-0.42137602
4361,-1.1023576
4362,0.22391278
4363,0.017235696
4364,0.13036916
4365,0.26865953
4366,0.017235696
4367,0.017235696
4368,2.3535597
4369,0.017235696
4370,1.3548868
4371,0.06643662
4372,0.017235696
4373,0.19673252
4374,-0.10951333
4375,0.3294464
4376,0.028557282
4377,-0.09725327
4378,0.4576077
4379,0.1796307
4380,0.78435755
4381,0.41324154
4382,-0.061974443
4383,0.017235696
4384,0.017235696
4385,0.017235696
4386,0.076914705
4387,0.017235696
4388,0.81424314
4389,0.09216302
4390,0.017235696
4391,0.42666793
4392,-0.15593797
4393,0.017235696
4394,0.017235696
4395,1.0858672
4396,0.58919513
4397,-0.20675069
4398,0.49682504
4399,0.017235696
4400,0.4916791
4401,0.15089902
4402,-0.33178085
4403,0.017235696
4404,0.060793445
4405,0.029118858
4406,-0.32319462
4407,-0.21480376
4408,-0.2584576
4409,0.041305874
4410,0.12256032
4411,0.017235696
4412,0.017235696
4413,0.042082112
4414,-0.15253404
4415,-0.040273115
4416,-0.2925581
4417,0.36685613
4418,0.54076344
4419,0.95311713
4420,0.07814403
4421,1.6627302
4422,0.017235696
4423,0.021429397
4424,0.44329613
4425,-0.7306101
4426,0.017235696
4427,0.11596928
4428,0.13555865
4429,0.18737751
4430,0.017235696
4431,0.104655236
4432,-0.5462833
4433,0.45265806
4434,0.1538051
4435,0.65279216
4436,-0.45462632
4437,0.017235696
4438,0.45039713
4439,0.41397512
4440,-0.03199913
4441,0.72790205
4442,0.14169142
4443,0.017235696
4444,-0.2266241
4445,0.017235696
4446,0.017235696
4447,0.086396106
4448,0.23716177
4449,0.34498727
4450,0.21496911
4451,0.017235696
4452,0.017235696
4453,0.31148237
4454,0.017235696
4455,-0.025780246
4456,0.3956884
4457,0.017235696
4458,0.026109604
4459,0.15287533
4460,-0.28148577
4461,0.017235696
4462,-0.21466978
4463,0.017235696
4464,0.100689985
4465,-0.46955776
4466,0.16173278
4467,0.038558424
4468,0.8927391
4469,-0.25983837
4470,0.5542783
4471,-0.28455144
4472,0.017235696
4473,-0.46039724
4474,0.25537565
4475,0.12462274
4476,0.0011064541
4477,0.4654685
4478,-0.8720675
4479,0.017235696
4480,0.65627736
4481,-0.73620003
4482,-0.66308516
4483,0.1866087
4484,0.2170149
4485,-0.22354089
4486,0.017235696
4487,0.3924998
4488,0.017235696
4489,-0.4415031
4490,0.00047006458
4491,0.232346
4492,0.017235696
4493,0.084929615
4494,0.56202775
4495,0.017235696
4496,0.23080453
4497,-0.6212091
4498,-0.9457932
4499,0.29862526
4500,-0.027330957
4501,-0.55520445
4502,0.017235696
4503,0.52559
4504,0.08113027
4505,0.42446783
4506,-0.04663714
4507,0.16274
4508,-0.0012853295
4509,0.017235696
4510,0.017235696
4511,0.27346522
4512,0.017235696
4513,0.12917265
4514,-0.13761573
4515,-0.062807605
4516,0.11671525
4517,0.17321299
4518,0.017235696
4519,-0.7713786
4520,0.31385618
4521,-0.0005692877
4522,0.017235696
4523,-1.182076
4524,0.21389371
4525,0.08253214
4526,1.1550508
4527,-1.2067349
4528,0.017235696
4529,0.017235696
4530,0.2748628
4531,0.2619113
4532,-1.1977112
4533,0.14770894
4534,0.017235696
4535,0.22423987
4536,1.1382399
4537,0.19825578
4538,-0.16651817
4539,0.22555181
4540,0.077879384
4541,0.020686533
4542,0.017235696
4543,0.017235696
4544,0.32493818
4545,0.017235696
4546,0.60550785
4547,0.5958368
4548,0.017235696
4549,-0.03961924
4550,0.15673362
4551,0.3194204
4552,0.66225857
4553,0.3983087
4554,0.017235696
4555,-0.12245558
4556,-0.11630243
4557,0.05729204
4558,0.017235696
4559,0.12816763
4560,0.047743425
4561,-0.12026326
4562,1.0357487
4563,0.017235696
4564,0.017235696
4565,-0.2387585
4566,-0.30394623
4567,0.4102034
4568,-0.23800603
4569,0.8870165
4570,0.42256355
4571,0.09422774
4572,-0.1280162
4573,0.017235696
4574,-0.31557667
4575,-0.70165753
4576,-0.18933001
4577,0.87979096
4578,0.3900777
4579,0.6268822
4580,0.017235696
4581,0.84618455
4582,0.19729692
4583,0.57117075
4584,-0.16468824
4585,0.26100814
4586,0.015515834
4587,0.16451293
4588,0.47037578
4589,0.017235696
4590,0.017235696
4591,0.037228525
4592,0.017235696
4593,-0.13340738
4594,0.017235696
4595,-0.29458964
4596,0.017235696
4597,-0.2666006
4598,0.028681317
4599,-0.095507726
4600,0.017235696
4601,0.027385183
4602,0.01922334
4603,0.19475853
4604,0.030905755
4605,0.43202874
4606,0.42263547
4607,0.017235696
4608,0.09968862
4609,-0.00888546
4610,-0.45351717
4611,0.024708167
4612,0.012141392
4613,0.056739546
4614,-0.026483104
4615,-0.38149863
4616,-0.5215452
4617,0.017235696
4618,0.11644201
4619,0.48437566
4620,-0.6401355
4621,-0.066020474
4622,3.6631908
4623,0.050928444
4624,0.48047066
4625,0.8708278
4626,-0.8328182
4627,0.21191002
4628,0.017235696
4629,-0.38987234
4630,-0.44202366
4631,0.017235696
4632,0.017235696
4633,0.38940224
4634,0.4711641
4635,0.017235696
4636,0.26436606
4637,-0.3534722
4638,-0.13609894
4639,0.017235696
4640,0.017235696
4641,0.017235696
4642,0.51864636
4643,0.017235696
4644,0.017235696
4645,-0.20971057
4646,0.12904973
4647,0.4524179
4648,-1.5935888
4649,0.017235696
4650,0.027995098
4651,-0.2782182
4652,-0.27235502
4653,0.15880542
4654,0.21685266
4655,0.09166692
4656,0.017235696
4657,-0.35318145
4658,-0.0636511
4659,-0.100029826
4660,0.017235696
4661,2.013009
4662,-0.037842423
4663,-0.4529221
4664,0.017235696
4665,-0.11366919
4666,0.017235696
4667,0.017235696
4668,0.017235696
4669,0.6265866
4670,-0.5082348
4671,-0.67053896
4672,0.024908677
4673,0.017235696
4674,-0.010113314
4675,0.106000274
4676,-0.016522605
4677,0.017235696
4678,0.1694266
4679,-0.33957878
4680,0.017235696
4681,0.106593445
4682,-0.44769174
4683,0.017235696
4684,0.024765205
4685,0.0911296
4686,-0.4593619
4687,0.017235696
4688,0.12222856
4689,0.017235696
4690,3.851881
4691,0.11168793
4692,-0.43757123
4693,0.017235696
4694,0.017235696
4695,0.07124608
4696,0.10584615
4697,0.017235696
4698,-0.40576613
4699,0.7975068
4700,0.7526226
4701,0.0933287
4702,0.5195444
4703,0.49902946
4704,-0.33305314
4705,0.18449879
4706,0.2332448
4707,0.017235696
4708,0.108816
4709,0.017235696
4710,0.023000605
4711,-0.34020182
4712,0.23232791
4713,0.017235696
4714,-0.18110716
4715,0.18660137
4716,0.017235696
4717,0.041444607
4718,0.04884664
4719,0.48654455
4720,0.017235696
4721,0.07899542
4722,0.017235696
4723,0.16894615
4724,-0.12786187
4725,0.017235696
4726,0.29177356
4727,0.078709215
4728,0.5866785
4729,0.9175733
4730,0.92800117
4731,-1.0998051
4732,0.16815212
4733,-0.098953456
4734,-1.0869601
4735,1.3864851
4736,0.37533006
4737,-0.17506689
4738,-0.025088087
4739,-0.13678099
4740,-0.034510285
4741,-0.19205767
4742,0.17448774
4743,0.017235696
4744,-0.27772105
4745,-0.001091579
4746,0.46876916
4747,-0.037160248
4748,0.29325455
4749,0.48233145
4750,0.017235696
4751,0.017235696
4752,0.4564468
4753,-1.1147802
4754,0.4769051
4755,1.0687017
4756,0.017235696
4757,0.13803387
4758,1.8864632
4759,0.12568253
4760,0.9480851
4761,0.40470248
4762,0.36895186
4763,0.4270543
4764,0.75013375
4765,-0.3641139
4766,-0.5112076
4767,-0.4853773
4768,0.017235696
4769,-0.08942845
4770,0.017235696
4771,-0.22590053
4772,-0.15751496
4773,0.027806496
4774,0.017235696
4775,0.0064128656
4776,0.31942812
4777,0.2466432
4778,0.016926575
4779,0.71988803
4780,0.26716873
4781,-0.94059175
4782,0.06929585
4783,-0.14397067
4784,-0.097570725
4785,-0.035444744
4786,-0.08991993
4787,-0.7554714
4788,0.017235696
4789,0.062043194
4790,0.12681027
4791,0.02394889
4792,0.7603076
4793,0.017235696
4794,0.83924055
4795,0.7188728
4796,0.017235696
4797,-0.15316832
4798,0.017235696
4799,1.1145406
4800,0.43141717
4801,-0.06559561
4802,0.017235696
4803,0.04582679
4804,0.21659654
4805,0.18536529
4806,-0.32957834
4807,0.017235696
4808,0.017235696
4809,0.017235696
4810,-0.29965144
4811,0.051622327
4812,0.017235696
4813,0.017235696
4814,0.017235696
4815,0.33884937
4816,0.37196633
4817,0.03453593
4818,0.017235696
4819,0.44382876
4820,0.8193465
4821,-0.087550394
4822,0.43836623
4823,0.44589454
4824,-0.33945563
4825,-0.59788144
4826,0.017235696
4827,0.026174005
4828,0.017235696
4829,-0.5630963
4830,-0.55036885
4831,0.7697291
4832,0.017235696
4833,0.14794624
4834,0.48280096
4835,0.21345265
4836,-0.06307715
4837,0.017235696
4838,-0.21620439
4839,-1.5568008
4840,0.017235696
4841,-0.70073
4842,0.08250418
4843,0.30787924
4844,0.017235696
4845,1.7679791
4846,-0.22943047
4847,0.033886388
4848,0.017235696
4849,0.017235696
4850,-0.0046426803
4851,0.12401331
4852,0.017235696
4853,-0.037381753
4854,-0.97657216
4855,1.6046162
4856,0.017235696
4857,-0.13311543
4858,-0.55145186
4859,0.86376405
4860,0.017235696
4861,-0.079863116
4862,0.14874375
4863,-0.077108525
4864,0.052402217
4865,0.017235696
4866,-0.10453233
4867,0.6408497
4868,0.017235696
4869,0.017235696
4870,0.21788584
4871,0.0023747683
4872,0.48937088
4873,-0.040015146
4874,-0.069009244
4875,0.017235696
4876,0.015610687
4877,0.017235696
4878,0.017235696
4879,0.14832523
4880,0.24140291
4881,-0.035009943
4882,2.3034685
4883,-0.105904356
4884,0.017235696
4885,0.10262197
4886,-0.008854512
4887,-0.07849605
4888,-0.08859894
4889,0.54712796
4890,-0.16593723
4891,0.058466963
4892,0.017235696
4893,0.30853927
4894,-0.17413343
4895,0.5559085
4896,0.17804842
4897,0.53782976
4898,0.37822348
4899,0.12914151
4900,0.017235696
4901,-0.34266752
4902,0.017235696
4903,0.49186713
4904,0.10155587
4905,0.017235696
4906,0.017235696
4907,-0.89850205
4908,-0.2270434
4909,0.017235696
4910,0.017235696
4911,-0.26693112
4912,0.017235696
4913,-0.5450652
4914,-0.4254609
4915,0.017235696
4916,0.0026830696
4917,0.3691197
4918,0.14110807
4919,0.017235696
4920,0.017235696
4921,0.08673895
4922,0.017235696
4923,0.37461
4924,0.017235696
4925,0.017235696
4926,0.33096847
4927,0.21582332
4928,-0.16638042
4929,-0.61686045
4930,-0.03300873
4931,0.017235696
4932,0.017235696
4933,0.017235696
4934,0.022229055
4935,-0.17112008
4936,0.017235696
4937,0.017235696
4938,0.017235696
4939,-0.19294474
4940,0.5195894
4941,0.27965015
4942,-0.09736985
4943,0.0036410503
4944,0.35544607
4945,0.6129326
4946,0.14341713
4947,0.9638926
4948,0.17998235
4949,0.017235696
4950,0.5033535
4951,-0.034589227
4952,0.3718183
4953,0.20582992
4954,-0.11109926
4955,-0.18131927
4956,-0.045811355
4957,-0.05798932
4958,0.017235696
4959,0.017235696
4960,0.24998832
4961,0.82870764
4962,-0.54565614
4963,0.17152576
4964,0.0508405
4965,0.98091507
4966,-0.112773195
4967,0.25148973
4968,-0.7228922
4969,0.017235696
4970,0.017235696
4971,0.060227394
4972,0.30917794
4973,-0.02628909
4974,-0.12820937
4975,0.24763025
4976,0.5744974
4977,-0.5573161
4978,0.7004157
4979,-0.106427945
4980,-0.023088578
4981,0.8509594
4982,0.2524473
4983,-0.05014304
4984,0.017235696
4985,0.65473473
4986,0.034497228
4987,0.07253949
4988,0.42799926
4989,-0.10697612
4990,0.017235696
4991,-1.0792325
4992,0.017235696
4993,-0.10862675
4994,0.21274033
4995,-0.13566194
4996,0.021113198
4997,0.017235696
4998,-0.23743969
4999,0.5555078
5000,0.017235696
5001,0.0502744
5002,0.070972875
5003,0.017235696
5004,0.017235696
5005,0.24551624
5006,0.10388923
5007,-0.10526991
5008,0.017235696
5009,-0.018354598
5010,0.17249
5011,0.21884324
5012,0.031333957
5013,-0.26650357
5014,0.017235696
5015,0.3645646
5016,-0.0837671
5017,0.08571307
5018,-0.10825229
5019,-0.42160448
5020,0.26234537
5021,0.8140069
5022,0.067334466
5023,-0.20529458
5024,-0.0023728684
5025,0.04919146
5026,0.60749286
5027,0.017235696
5028,-0.26388758
5029,0.20306337
5030,0.33288985
5031,0.19005518
5032,0.21400471
5033,0.37609008
5034,-0.093437895
5035,-0.15339261
5036,0.103717364
5037,0.02552143
5038,-0.1519601
5039,-0.0383901
5040,0.10515789
5041,0.9482621
5042,-0.48107925
5043,-0.17948428
5044,0.101343825
5045,0.13491039
5046,-0.115344256
5047,1.2267902
5048,0.017235696
5049,1.1321857
5050,-0.035302985
5051,0.017235696
5052,-0.25614384
5053,-0.7327028
5054,0.017788993
5055,1.2638645
5056,0.017235696
5057,0.017235696
5058,-0.6468107
5059,0.042163774
5060,0.017235696
5061,0.017235696
5062,-0.28296566
5063,0.13248645
5064,0.5023159
5065,0.35197824
5066,0.45454466
5067,0.19943425
5068,0.05291883
5069,0.84561175
5070,-0.03336452
5071,-0.005887462
5072,-0.13617252
5073,0.06538792
5074,0.060895406
5075,0.017235696
5076,0.06363793
5077,0.21770819
5078,-0.033208106
5079,0.017235696
5080,1.5750167
5081,0.010829609
5082,0.017235696
5083,-0.20623326
5084,0.033859856
5085,-0.28477076
5086,0.016868807
5087,0.14295712
5088,0.017235696
5089,0.6439127
5090,0.5863148
5091,0.116102286
5092,0.4246616
5093,0.3808089
5094,0.017235696
5095,-0.67978853
5096,0.2888645
5097,0.04960214
5098,0.49107844
5099,-0.17887792
5100,0.30356514
5101,0.08278054
5102,0.017235696
5103,0.017235696
5104,0.38290554
5105,0.17742285
5106,1.7841096
5107,-0.32808322
5108,0.0511814
5109,0.35357603
5110,0.017235696
5111,-0.12977831
5112,0.33453685
5113,0.017235696
5114,-0.33140695
5115,0.068144135
5116,0.22449426
5117,0.008692901
5118,-0.12794577
5119,0.13977507
5120,0.41535512
5121,-0.25066862
5122,0.017235696
5123,-0.027700208
5124,-0.45968992
5125,0.07638386
5126,0.43756586
5127,-0.024909496
5128,-0.3377049
5129,0.4204664
5130,-0.050127417
5131,0.41697678
5132,0.067794465
5133,0.3066947
5134,-0.12306745
5135,0.017235696
5136,-0.10688491
5137,-0.19892605
5138,-0.40187827
5139,-0.20229334
5140,0.1266914
5141,-0.008942831
5142,-0.037236944
5143,-0.22958358
5144,0.17619315
5145,0.22510529
5146,0.17455757
5147,1.4119115
5148,0.017235696
5149,0.1441812
5150,0.097033836
5151,0.62176687
5152,0.6797767
5153,0.0878208
5154,0.44814748
5155,0.017235696
5156,-0.005475089
5157,-0.12395348
5158,1.1190548
5159,-0.23767364
5160,-0.4446013
5161,0.083353326
5162,0.57859087
5163,0.017235696
5164,0.117692165
5165,0.09693154
5166,0.26371047
5167,-0.34007463
5168,-0.51312417
5169,0.12003293
5170,0.18706587
5171,0.08276839
5172,0.017235696
5173,-0.055729493
5174,0.017235696
5175,0.22224604
5176,-0.5406894
5177,0.017235696
5178,0.6021497
5179,1.7403979
5180,0.40979958
5181,0.21717301
5182,0.42152143
5183,0.017235696
5184,0.017235696
5185,-0.037908778
5186,0.13865909
5187,0.017235696
5188,-0.28073213
5189,0.017235696
5190,0.017235696
5191,-0.84320456
5192,0.3471284
5193,-0.10651907
5194,0.5735769
5195,0.2808147
5196,-0.46861503
5197,0.16955477
5198,0.77609956
5199,-0.9191283
5200,0.017235696
5201,-0.31266373
5202,0.20503423
5203,-0.10406409
5204,0.11739308
5205,0.21864837
5206,0.017235696
5207,0.21916524
5208,0.017235696
5209,0.78940356
5210,0.017235696
5211,0.50307536
5212,0.27075073
5213,0.017235696
5214,0.42237228
5215,-0.2732478
5216,0.51836914
5217,0.017235696
5218,-0.11906013
5219,-0.0026016235
5220,-0.03390552
5221,1.2543182
5222,0.35680133
5223,0.017235696
5224,0.017235696
5225,0.3020696
5226,0.4186748
5227,0.017235696
5228,0.017235696
5229,0.017235696
5230,1.9448197
5231,0.17081152
5232,0.4709077
5233,-0.5755708
5234,-0.1683771
5235,0.017235696
5236,0.044047512
5237,0.13281426
5238,0.017235696
5239,0.017235696
5240,0.017235696
5241,0.09574522
5242,0.48597583
5243,-0.21886587
5244,0.15209925
5245,0.32390067
5246,1.4827826
5247,-0.009446183
5248,-0.37820107
5249,0.7926275
5250,0.017235696
5251,0.017235696
5252,0.057283916
5253,0.017235696
5254,0.017235696
5255,0.017235696
5256,-0.014861144
5257,0.16847762
5258,-0.11621961
5259,0.017235696
5260,0.017235696
5261,0.49688035
5262,-0.54520565
5263,0.045057707
5264,0.2959889
5265,-0.53004074
5266,0.54170394
5267,0.017235696
5268,0.17769709
5269,0.017235696
5270,0.017235696
5271,1.0340946
5272,0.12321244
5273,-0.30289498
5274,0.017235696
5275,-0.11996028
5276,0.017235696
5277,0.61148125
5278,-0.97867876
5279,0.017235696
5280,0.15630662
5281,-0.7066458
5282,-0.15763626
5283,0.34463638
5284,-0.40803653
5285,0.017235696
5286,0.3110894
5287,0.017235696
5288,-0.67433065
5289,0.15541488
5290,0.09013662
5291,0.2489543
5292,0.03479094
5293,-0.97528964
5294,-0.012335617
5295,0.46911812
5296,0.51909834
5297,0.048405044
5298,1.7656639
5299,0.15385918
5300,0.065149635
5301,0.017235696
5302,0.017235696
5303,0.017235696
5304,0.060152315
5305,0.5364468
5306,-0.15632811
5307,0.28882694
5308,0.31206492
5309,0.017235696
5310,0.51812434
5311,-0.53459305
5312,0.22467464
5313,0.13520747
5314,0.5597783
5315,0.7279793
5316,0.017235696
5317,0.894847
5318,0.017235696
5319,0.29916567
5320,0.22565642
5321,-1.1544676
5322,0.18347631
5323,2.0641232
5324,0.131695
5325,0.2797517
5326,0.017235696
5327,0.44169605
5328,-0.24888417
5329,0.012943996
5330,-0.75276595
5331,0.028389506
5332,0.29342115
5333,0.017235696
5334,0.12520833
5335,0.04455638
5336,0.064256
5337,-0.4881273
5338,0.12256354
5339,-0.612859
5340,0.005166319
5341,-0.24407959
5342,0.5267432
5343,0.035487927
5344,0.017235696
5345,0.18596157
5346,0.31304944
5347,0.5102889
5348,0.35704696
5349,0.29633266
5350,0.048163034
5351,0.017235696
5352,-0.7626929
5353,0.10033862
5354,0.524694
5355,0.017235696
5356,0.00904496
5357,0.048879508
5358,0.017235696
5359,0.10440715
5360,0.017235696
5361,-0.03828035
5362,0.08508437
5363,0.3208436
5364,0.2950861
5365,0.017235696
5366,0.35357594
5367,-0.23659822
5368,-0.3990317
5369,0.017235696
5370,-0.23409152
5371,1.3814638
5372,0.017235696
5373,0.5943875
5374,0.4903006
5375,-0.16094781
5376,0.3572947
5377,0.47450224
5378,0.33485037
5379,0.3339438
5380,0.017235696
5381,0.22994542
5382,-0.25834194
5383,0.350081
5384,0.017235696
5385,-0.29657012
5386,0.043424495
5387,-0.273766
5388,0.07977151
5389,-0.47608033
5390,0.28936514
5391,0.023464788
5392,0.98365855
5393,0.88214284
5394,-0.20730723
5395,0.017235696
5396,0.9684427
5397,0.15791781
5398,0.337028
5399,-0.33199692
5400,0.017235696
5401,0.5811114
5402,0.42129177
5403,0.38304862
5404,-0.0233415
5405,0.9215371
5406,0.017235696
5407,0.031022998
5408,-0.18736224
5409,0.017235696
5410,0.017235696
5411,0.7516678
5412,0.043580778
5413,0.25733435
5414,0.3066646
5415,0.14555073
5416,0.28062898
5417,0.017235696
5418,0.44979787
5419,0.017235696
5420,-0.5910606
5421,-0.07591641
5422,-0.056486532
5423,-0.6236382
5424,0.017235696
5425,0.017235696
5426,-0.32985872
5427,0.037288293
5428,-0.25033402
5429,0.017235696
5430,0.017235696
5431,0.6618668
5432,-1.2692354
5433,-1.6096308
5434,0.017235696
5435,0.03584197
5436,0.2559422
5437,0.071717024
5438,-0.45896882
5439,-0.15269484
5440,0.017235696
5441,0.017235696
5442,0.429155
5443,0.017235696
5444,0.04272162
5445,0.79701823
5446,-0.40105504
5447,0.43779707
5448,0.017235696
5449,0.017235696
5450,0.040805686
5451,-0.22250849
5452,0.017235696
5453,-0.2958212
5454,-0.003247356
5455,1.2521584
5456,0.017235696
5457,0.017235696
5458,0.24680859
5459,0.034849267
5460,-0.063584894
5461,0.13265702
5462,0.017235696
5463,-0.10707437
5464,0.1579943
5465,0.017235696
5466,0.017235696
5467,0.8696335
5468,0.18790239
5469,-0.20514536
5470,0.23706858
5471,-0.6246529
5472,0.017235696
5473,0.017235696
5474,-0.056323707
5475,-0.16366085
5476,-0.15930232
5477,0.18474653
5478,-0.3578371
5479,0.42588198
5480,0.077342734
5481,-0.027552605
5482,0.35296255
5483,-0.25462946
5484,-0.08226156
5485,0.017235696
5486,0.017235696
5487,0.017235696
5488,1.4241953
5489,-0.78821635
5490,0.017235696
5491,0.71285844
5492,0.017235696
5493,0.017235696
5494,0.017235696
5495,-0.042942997
5496,-0.74006915
5497,1.1919014
5498,0.017235696
5499,0.017235696
5500,0.017235696
5501,-0.07681779
5502,0.14222157
5503,0.017235696
5504,-0.6612335
5505,0.2925104
5506,0.017235696
5507,0.12823738
5508,0.017235696
5509,2.1167395
5510,0.07539646
5511,-0.35273153
5512,0.017235696
5513,-0.102734916
5514,-0.66450053
5515,-0.47507995
5516,0.49230123
5517,0.024811452
5518,0.18854015
5519,0.34128457
5520,1.4340358
5521,0.017235696
5522,0.94881684
5523,1.6181262
5524,0.16303073
5525,0.080386154
5526,0.07731046
5527,0.013315629
5528,-0.8509469
5529,0.43720636
5530,-0.038699076
5531,-0.04745754
5532,-1.1425986
5533,0.017235696
5534,-0.0034753233
5535,1.2631338
5536,0.017235696
5537,0.15438373
5538,0.017235696
5539,0.017235696
5540,-0.00749819
5541,0.17374317
5542,-0.28836557
5543,-0.75573546
5544,-0.31679815
5545,1.7735157
5546,-0.38177612
5547,0.017235696
5548,0.062409267
5549,0.05335853
5550,0.36164904
5551,0.5687999
5552,-0.22214343
5553,0.098810464
5554,-0.016670674
5555,0.49558222
5556,0.29241905
5557,0.017235696
5558,0.46103388
5559,-1.260246
5560,-0.009103537
5561,-0.11498919
5562,1.0079815
5563,0.18255477
5564,1.0258183
5565,0.83478916
5566,0.18556912
5567,-0.7220116
5568,0.091387436
5569,-0.0660578
5570,0.017235696
5571,-0.28706482
5572,-0.10898399
5573,0.021507435
5574,0.017235696
5575,-0.35409656
5576,0.017235696
5577,0.017235696
5578,0.22491638
5579,0.114243835
5580,0.238654
5581,0.13325131
5582,0.7526831
5583,0.00024491549
5584,-0.0062536076
5585,-0.47390655
5586,-0.34413812
5587,-0.002592191
5588,0.017235696
5589,0.017235696
5590,0.017235696
5591,-0.43937206
5592,0.017235696
5593,0.017235696
5594,-0.3890615
5595,0.26957202
5596,-0.107726514
5597,1.1900432
5598,0.085348584
5599,0.017235696
5600,0.017235696
5601,0.25987923
5602,0.017235696
5603,0.35524735
5604,0.017235696
5605,0.017235696
5606,-0.08215102
5607,0.3489658
5608,0.11934465
5609,0.51833814
5610,-0.1366458
5611,-0.49112773
5612,-0.55532557
5613,-0.111636445
5614,-0.1739804
5615,-0.3242632
5616,0.017235696
5617,-0.83525485
5618,0.84701604
5619,0.017235696
5620,-0.17913991
5621,0.30158782
5622,-2.3498597
5623,0.017235696
5624,0.054554656
5625,0.017235696
5626,0.2757998
5627,0.19470866
5628,-0.031614468
5629,0.017235696
5630,0.017235696
5631,-0.037989628
5632,0.8795333
5633,-0.5028407
5634,0.03506209
5635,-0.2911029
5636,0.22341603
5637,0.6398584
5638,0.49749333
5639,-0.04918702
5640,1.9090297
5641,-0.20316972
5642,0.017235696
5643,0.32711077
5644,0.9985962
5645,0.017235696
5646,0.11016114
5647,0.30254728
5648,-0.41209766
5649,-0.17339844
5650,0.017235696
5651,0.48434588
5652,-0.2570028
5653,0.017235696
5654,0.3516676
5655,-0.7070411
5656,0.017235696
5657,-0.051412195
5658,0.49762318
5659,-0.41505942
5660,0.9461226
5661,0.5075072
5662,-0.22513747
5663,0.30283904
5664,-0.35643196
5665,-0.45676953
5666,0.017235696
5667,0.5388129
5668,1.9293079
5669,-0.2122322
5670,-0.011840843
5671,0.017235696
5672,0.1661719
5673,0.52868074
5674,0.017235696
5675,0.28312206
5676,-0.043388233
5677,0.017235696
5678,-0.207921
5679,0.012866447
5680,0.017235696
5681,0.29516307
5682,0.017235696
5683,-0.0024631117
5684,0.487197
5685,0.017235696
5686,0.017235696
5687,-1.1515255
5688,0.1860544
5689,0.017235696
5690,0.017235696
5691,0.017235696
5692,0.40378946
5693,0.017235696
5694,-0.033595532
5695,0.017235696
5696,-0.2601663
5697,-0.20482458
5698,0.51894605
5699,-0.29441154
5700,0.017235696
5701,-0.1785184
5702,0.017235696
5703,0.35886094
5704,0.35447037
5705,0.43241102
5706,-0.35692254
5707,0.31875423
5708,1.3488646
5709,0.017235696
5710,-0.18030356
5711,-0.33050534
5712,0.017235696
5713,0.017235696
5714,0.78252774
5715,0.017235696
5716,-0.38568848
5717,-0.105349526
5718,0.017235696
5719,-0.08168963
5720,0.071520954
5721,0.017235696
5722,0.2027986
5723,0.017235696
5724,0.017235696
5725,0.19744284
5726,0.017235696
5727,-0.2832951
5728,0.7002478
5729,0.06398429
5730,-0.16568856
5731,0.9331132
5732,1.8303676
5733,-0.085082516
5734,0.18133926
5735,-0.06371253
5736,0.017235696
5737,0.49581125
5738,0.027569408
5739,-0.10445438
5740,0.060660053
5741,0.017235696
5742,-0.10071387
5743,0.15023954
5744,0.017235696
5745,0.10040989
5746,-0.20817327
5747,0.017235696
5748,0.017235696
5749,0.49667022
5750,-0.07457768
5751,-0.10139158
5752,0.017235696
5753,0.4917065
5754,0.91008186
5755,-0.12053746
5756,0.53625417
5757,-0.4460888
5758,0.3298584
5759,0.9794723
5760,-0.34140846
5761,-0.5018907
5762,0.04438172
5763,0.5000122
5764,0.24375755
5765,-0.2762986
5766,0.5048972
5767,-0.032980256
5768,-0.42957
5769,0.56154037
5770,0.14944784
5771,-0.067690566
5772,0.021354312
5773,0.0023956876
5774,-0.8783321
5775,0.08221113
5776,0.23712704
5777,0.017235696
5778,0.23129453
5779,-0.26217812
5780,-0.36179152
5781,0.52147824
5782,-0.047201388
5783,0.017235696
5784,-0.0039931536
5785,-0.6053009
5786,1.2855785
5787,0.017235696
5788,-0.10361321
5789,-0.3619085
5790,-0.051832624
5791,0.03435614
5792,0.24381039
5793,0.17211486
5794,0.9365095
5795,0.34986427
5796,0.38961273
5797,0.017235696
5798,0.12384218
5799,0.017235696
5800,-0.678367
5801,0.07697923
5802,0.017235696
5803,0.6814491
5804,0.017235696
5805,0.11665768
5806,0.017235696
5807,0.017235696
5808,0.18747786
5809,-0.6413098
5810,-0.020744432
5811,-0.09689901
5812,0.037254624
5813,0.017235696
5814,0.11933245
5815,0.2362269
5816,0.017235696
5817,0.17257296
5818,0.089426145
5819,0.017235696
5820,0.085866846
5821,0.035949804
5822,-0.19736835
5823,0.06456674
5824,0.3017451
5825,-0.03640249
5826,0.42480382
5827,0.017235696
5828,1.7494366
5829,0.25937593
5830,0.14630428
5831,-0.396293
5832,0.017235696
5833,0.19315916
5834,-0.09664393
5835,0.017235696
5836,0.014349098
5837,0.017235696
5838,0.10843713
5839,0.12515792
5840,-0.31211928
5841,-0.16041294
5842,-0.2935394
5843,-0.27368346
5844,0.064900815
5845,0.15009311
5846,0.58314687
5847,0.04082473
5848,0.16471171
5849,0.017235696
5850,-0.32738206
5851,0.22205907
5852,2.0899985
5853,0.24338913
5854,0.14442188
5855,0.017235696
5856,-0.78799945
5857,-0.046660297
5858,0.013411954
5859,0.03326408
5860,-0.5026531
5861,0.017235696
5862,-0.12103599
5863,0.33190218
5864,0.017235696
5865,-0.06990586
5866,0.02961617
5867,0.3881883
5868,0.014032995
5869,-0.03210205
5870,0.009451918
5871,-0.15397835
5872,0.017235696
5873,0.9121799
5874,0.017235696
5875,0.83348024
5876,-0.09771231
5877,0.099465296
5878,-0.017220717
5879,-0.83577615
5880,1.0414944
5881,0.052540593
5882,0.10156083
5883,0.7851851
5884,0.017235696
5885,0.34843108
5886,0.017235696
5887,0.16385724
5888,-0.13645865
5889,0.51356727
5890,0.26213598
5891,0.017235696
5892,0.47109133
5893,-0.06377879
5894,0.017235696
5895,0.017235696
5896,0.017235696
5897,0.017235696
5898,-0.08885189
5899,-0.38148555
5900,0.017235696
5901,0.017235696
5902,0.019969774
5903,0.4285777
5904,0.3566132
5905,-0.09861537
5906,0.10381473
5907,0.03963512
5908,0.1069641
5909,0.047813885
5910,0.42642975
5911,0.055612832
5912,0.10345346
5913,0.20013775
5914,0.017235696
5915,-0.21832016
5916,0.2823213
5917,0.52536064
5918,0.7106945
5919,-0.6536127
5920,-0.23114114
5921,-0.5770338
5922,-1.4721749
5923,0.016329862
5924,0.21830653
5925,0.10766496
5926,-0.107109845
5927,0.017235696
5928,0.017235696
5929,0.018294852
5930,0.115235366
5931,0.13019371
5932,-0.20871411
5933,-0.035830937
5934,-0.21536502
5935,-0.08149519
5936,0.017235696
5937,0.017235696
5938,0.017235696
5939,0.017235696
5940,0.17982891
5941,-0.1281231
5942,0.017235696
5943,0.84697056
5944,-0.253333
5945,0.11381623
5946,0.052829318
5947,0.017235696
5948,0.09076244
5949,-0.8522385
5950,0.21869092
5951,1.0832732
5952,-0.027841084
5953,0.017235696
5954,0.025180884
5955,0.26831335
5956,0.017235696
5957,0.017235696
5958,-0.023732767
5959,0.017235696
5960,-0.11971371
5961,0.037625097
5962,-0.2645705
5963,0.78536224
5964,0.017235696
5965,0.017235696
5966,2.2447605
5967,-0.041934937
5968,0.017235696
5969,0.109916866
5970,0.017235696
5971,-0.34806958
5972,-0.051202
5973,0.024344906
5974,0.77293366
5975,-0.051612593
5976,0.017235696
5977,0.38214126
5978,-1.2444663
5979,-0.2842281
5980,1.3885093
5981,-0.10341055
5982,-1.202091
5983,0.40641105
5984,0.017235696
5985,0.0015359242
5986,0.24856985
5987,-0.39407194
5988,-0.72629577
5989,-0.6687549
5990,0.017235696
5991,-0.086760834
5992,0.12284367
5993,-0.053862542
5994,0.017235696
5995,-0.06897578
5996,0.1013002
5997,0.9631935
5998,0.017235696
5999,-0.22756614
6000,0.017235696
